-- phpMyAdmin SQL Dump
-- version 5.0.4
-- https://www.phpmyadmin.net/
--
-- Host: 127.0.0.1
-- Generation Time: Jan 17, 2021 at 10:13 PM
-- Server version: 10.4.17-MariaDB
-- PHP Version: 7.4.13

SET SQL_MODE = "NO_AUTO_VALUE_ON_ZERO";
START TRANSACTION;
SET time_zone = "+00:00";


/*!40101 SET @OLD_CHARACTER_SET_CLIENT=@@CHARACTER_SET_CLIENT */;
/*!40101 SET @OLD_CHARACTER_SET_RESULTS=@@CHARACTER_SET_RESULTS */;
/*!40101 SET @OLD_COLLATION_CONNECTION=@@COLLATION_CONNECTION */;
/*!40101 SET NAMES utf8mb4 */;

--
-- Database: `s1-160511001-2020-andhika`
--

-- --------------------------------------------------------

--
-- Table structure for table `alternatif`
--

CREATE TABLE `alternatif` (
  `id` int(11) NOT NULL,
  `nama` varchar(50) NOT NULL,
  `no_kk` varchar(128) NOT NULL,
  `alamat` varchar(250) NOT NULL,
  `jml_keluarga` int(11) NOT NULL,
  `kk_terdaftar` int(50) NOT NULL,
  `time_input` datetime NOT NULL DEFAULT current_timestamp(),
  `row_edit` int(11) NOT NULL,
  `id_status` int(11) NOT NULL,
  `id_user` int(11) NOT NULL
) ENGINE=MyISAM DEFAULT CHARSET=latin1;

--
-- Dumping data for table `alternatif`
--

INSERT INTO `alternatif` (`id`, `nama`, `no_kk`, `alamat`, `jml_keluarga`, `kk_terdaftar`, `time_input`, `row_edit`, `id_status`, `id_user`) VALUES
(668, 'HARYATI BT CAKA', '3209307003750002', 'DUSUN 04 RW 05 RT 01', 3, 0, '2020-12-22 07:12:43', 0, 1, 63),
(667, 'SAKUN', '3209301405620001', 'DUSUN 04 RW 05 RT 01', 5, -240973200, '2020-12-22 07:12:42', 0, 1, 63),
(657, 'WILIH', '3209306305590001', 'Dusun 04 RT 004 RW 06', 5, 0, '2020-12-22 07:12:39', 0, 1, 63),
(666, 'SAENAH', '3209304107390022', 'Dusun 04 RT 002 RW 05', 4, 0, '2020-12-22 07:12:42', 0, 1, 63),
(665, 'KAMID', '3209301012690005', 'Dusun 04 RT 002 RW 05', 3, -1904400, '2020-12-22 07:12:41', 0, 1, 63),
(664, 'TARWAN', '3209300709670003', 'Dusun 04 RT 002 RW 05', 5, -73184400, '2020-12-22 07:12:41', 0, 1, 63),
(663, 'TASWIN', '3209301005550012', 'Dusun 04 RT 003 RW 05', 4, -462243600, '2020-12-22 07:12:41', 0, 1, 63),
(662, 'CARWAN', '3209301110590003', 'Dusun 04 RT 001 RW 05', 3, -322707600, '2020-12-22 07:12:40', 0, 1, 63),
(661, 'DAURI', '3209300603640001', 'Dusun 04 RT 002 RW 05', 2, -183776400, '2020-12-22 07:12:40', 0, 1, 63),
(660, 'JUNEDI', '3209301604700014', 'Dusun 04 RT 002 RW 05', 5, 9068400, '2020-12-22 07:12:40', 0, 1, 63),
(659, 'SAWIN', '3209300809550003', 'Dusun 04 RT 003 RW 06', 6, -451789200, '2020-12-22 07:12:39', 0, 1, 63),
(658, 'DARI', '3209305205560001', 'Dusun 04 RT 004 RW 06', 3, 0, '2020-12-22 07:12:39', 0, 1, 63),
(656, 'TARKINI', '3209305204600007', 'Dusun 04 RT 003 RW 06', 7, 0, '2020-12-22 07:12:38', 0, 1, 63),
(655, 'CARINDA', '3209302102840007', 'Dusun 04 RT 002 RW 05', 4, 446166000, '2020-12-22 07:12:38', 0, 1, 63),
(654, 'KONAH', '3209304101430003', 'Dusun 04 RT 001 RW 05', 5, 0, '2020-12-22 07:12:38', 0, 1, 63),
(653, 'SALWI', '3209300906430001', 'DUSUN 03 RT 03 RW 03', 3, -838346400, '2020-12-22 07:12:38', 0, 1, 63),
(652, 'MULYADI', '3209300107820330', 'DUSUN 03 RT 03 RW 03', 4, 394322400, '2020-12-22 07:12:37', 0, 1, 63),
(651, 'RUMSIAH', '3209304807700003', 'DUSUN 03 RT 03 RW 03', 4, 0, '2020-12-22 07:12:37', 0, 1, 63),
(650, 'ROHIDIN', '3209300902720003', 'DUSUN 03 RT 03 RW 03', 2, 66438000, '2020-12-22 07:12:37', 0, 1, 63),
(649, 'SAJU', '3209302210690004', 'DUSUN 03 RT 02 RW 04', 3, -6138000, '2020-12-22 07:12:36', 0, 1, 63),
(648, 'AMAN', '3209300107670108', 'DUSUN 03 RT 02 RW 04', 5, -79059600, '2020-12-22 07:12:36', 0, 1, 63),
(647, 'CASTIM', '3209300407830006', 'DUSUN 03 RT 02 RW 04', 4, 426117600, '2020-12-22 07:12:35', 0, 1, 63),
(646, 'SURIP', '3209300810570002', 'DUSUN 03 RT 02 RW 04', 3, -386038800, '2020-12-22 07:12:35', 0, 1, 63),
(645, 'SUHARIM', '3209300810530003', 'DUSUN 03 RT 02 RW 04', 4, -512269200, '2020-12-22 07:12:35', 0, 1, 63),
(644, 'DASIPIN', '3209300506630011', 'DUSUN 03 RT 02 RW 04', 5, -207536400, '2020-12-22 07:12:34', 0, 1, 63),
(643, 'DARIIN', '3209300303820001', 'DUSUN 03 RT 02 RW 04', 4, 383958000, '2020-12-22 07:12:34', 0, 1, 63),
(642, 'RATINI', '3209304308650003', 'DUSUN 03 RT 02 RW 04', 3, 0, '2020-12-22 07:12:33', 0, 1, 63),
(641, 'SAMAUN', '3209301508770007', 'DUSUN 03 RT 02 RW 04', 3, 240447600, '2020-12-22 07:12:33', 0, 1, 63),
(640, 'NOPENDI', '3209300205720011', 'DUSUN 03 RT 02 RW 04', 3, 73609200, '2020-12-22 07:12:33', 0, 1, 63),
(639, 'SARIPUDIN', '3209301010750006', 'DUSUN 03 RT 02 RW 04', 5, 182127600, '2020-12-22 07:12:32', 0, 1, 63),
(638, 'M SIDIK', '3209302704700003', 'DUSUN 03 RT 02 RW 04', 6, 10018800, '2020-12-22 07:12:32', 0, 1, 63),
(637, 'DAPAN', '3209301510640002', 'DUSUN 03 RT 02 RW 04', 5, -164509200, '2020-12-22 07:12:31', 0, 1, 63),
(636, 'SANIAH', '3209304802543967', 'DUSUN 03 RT 01 RW 04', 4, 0, '2020-12-22 07:12:31', 0, 1, 63),
(635, 'WITRI', '3209305203630014', 'DUSUN 03 RT 01 RW 04', 3, 0, '2020-12-22 07:12:30', 0, 1, 63),
(634, 'DIDI SUHADI', '3209301212670002', 'DUSUN 03', 5, -64890000, '2020-12-22 07:12:30', 0, 1, 63),
(633, 'WAWAN SUGIAWAN', '3209300510770002', 'DUSUN 03', 4, 244854000, '2020-12-22 07:12:30', 0, 1, 63),
(632, 'SAROJI', '3209300512790004', 'DUSUN 03 RW 04 RT 03', 3, 313196400, '2020-12-22 07:12:30', 0, 1, 63),
(631, 'WAUD', '3209300107820152', 'DUSUN 03 RW 04 RT 03', 5, 394322400, '2020-12-22 07:12:29', 0, 1, 63),
(630, 'SOLIHIN', '3209301106520004', 'DUSUN 03 RW 04 RT 03', 4, -554086800, '2020-12-22 07:12:29', 0, 1, 63),
(629, 'ROHMAT', '3209301404640002', 'DUSUN 03 RT 01 RW 03', 3, -180406800, '2020-12-22 07:12:29', 0, 1, 63),
(628, 'KUSNA', '3209300502520007', 'DUSUN 03 RT 03 RW 03', 5, -565059600, '2020-12-22 07:12:28', 0, 1, 63),
(627, 'MAANI', '3209305208610001', 'DUSUN 03 RT 01 RW 03', 4, 0, '2020-12-22 07:12:28', 0, 1, 63),
(626, 'ATMO', '3209300107524304', 'DUSUN 03 RT 02 RW 03', 3, -552358800, '2020-12-22 07:12:28', 0, 1, 63),
(625, 'WACIH', '3209304303800013', 'DUSUN 03 RT 03 RW 03', 4, 0, '2020-12-22 07:12:27', 0, 1, 63),
(624, 'JUPRI', '3209301311740005', 'DUSUN 03 RT 02 RW 03', 5, 153529200, '2020-12-22 07:12:27', 0, 1, 63),
(623, 'KARSO', '3209300905680002', 'DUSUN 03 RT 02 RW 03', 4, -52016400, '2020-12-22 07:12:26', 0, 1, 63),
(622, 'TANI', '3209300904800006', 'DUSUN 3 RW 04 RT 01', 3, 324079200, '2020-12-22 07:12:26', 0, 1, 63),
(621, 'WARNA', '3209300305680005', 'DUSUN 3 RW 04 RT 01', 3, -52534800, '2020-12-22 07:12:26', 0, 1, 63),
(620, 'NATA', '3209301708710008', 'DUSUN 3 RW 04 RT 01', 3, 51231600, '2020-12-22 07:12:26', 0, 1, 63),
(619, 'DURMA', '3209300808420001', 'DUSUN 3 RW 04 RT 01', 5, -864698400, '2020-12-22 07:12:25', 0, 1, 63),
(618, 'MAHFUDIN', '3209300707560003', 'DUSUN 3 RW 04 RT 01', 6, -425610000, '2020-12-22 07:12:25', 0, 1, 63),
(617, 'NAWI', '3209300107380125', 'DUSUN 3 RW 04 RT 01', 5, -994208400, '2020-12-22 07:12:25', 0, 1, 63),
(616, 'WARJA', '3209301807510004', 'DUSUN 3 RW 04 RT 01', 4, -582512400, '2020-12-22 07:12:25', 0, 1, 63),
(615, 'EDI JUNAEDI', '3209300108730003', 'DUSUN 3 RW 04 RT 01', 3, 113007600, '2020-12-22 07:12:24', 0, 1, 63),
(614, 'WAHIDIN', '3209300307590005', 'DUSUN 3 RW 04 RT 01', 5, -331347600, '2020-12-22 07:12:24', 0, 1, 63),
(613, 'TENDA', '3209300306670007', 'DUSUN 3 RW 04 RT 01', 4, -81478800, '2020-12-22 07:12:23', 0, 1, 63),
(612, 'KUSNODO', '3209300705700009', 'DUSUN 3 RW 04 RT 01', 3, 10882800, '2020-12-22 07:12:23', 0, 1, 63),
(611, 'NURCAHYA', '3209301206840023', 'DUSUN 3 RW 04 RT 01', 5, 455839200, '2020-12-22 07:12:23', 0, 1, 63),
(610, 'KAMAR', '3209301919380001', 'DUSUN 3 RW 04 RT 01', 4, 0, '2020-12-22 07:12:23', 0, 1, 63),
(609, 'TARLI', '3209300711570002', 'DUSUN 3 RW 04 RT 01', 3, -383446800, '2020-12-22 07:12:22', 0, 1, 63),
(608, 'KALIPAH', '3209300208540003', 'DUSUN 3 RW 04 RT 01', 3, -486522000, '2020-12-22 07:12:22', 0, 1, 63),
(607, 'TASWID', '3209302701700004', 'DUSUN 3 RW 04 RT 01', 3, 2242800, '2020-12-22 07:12:22', 0, 1, 63),
(606, 'SUHARTO', '3209301112700005', 'DUSUN 3 RW 04 RT 01', 5, 29718000, '2020-12-22 07:12:22', 0, 1, 63),
(605, 'WARSIN', '3209301706540005', 'DUSUN 3 RW 04 RT 01', 6, -490496400, '2020-12-22 07:12:21', 0, 1, 63),
(604, 'RAWUDIN TANUSI', '3209300410540001', 'DUSUN 3 RW 04 RT 01', 5, -481078800, '2020-12-22 07:12:21', 0, 1, 63),
(603, 'DARSONO', '3209300608840015', 'DUSUN 3 RW 04 RT 01', 4, 460591200, '2020-12-22 07:12:21', 0, 1, 63),
(602, 'WAAD', '3209301206510008', 'DUSUN 3 RW 04 RT 01', 3, -585622800, '2020-12-22 07:12:20', 0, 1, 63),
(601, 'ANDI KOMARUDIN', '3209301205740006', 'DUSUN 3 RW 04 RT 01', 5, 137545200, '2020-12-22 07:12:20', 0, 1, 63),
(600, 'SAKUN', '3209302704520001', 'DUSUN 3 RW 04 RT 01', 6, -557974800, '2020-12-22 07:12:20', 0, 1, 63),
(599, 'MARYUDI', '3209300107690474', 'DUSUN 3 RW 04 RT 01', 4, -15901200, '2020-12-22 07:12:19', 0, 1, 63),
(598, 'RIWANG', '3209302005630003', 'DUSUN 3 RW 04 RT 01', 3, -208918800, '2020-12-22 07:12:19', 0, 1, 63),
(597, 'DAPIYAH', '3209305206710001', 'DUSUN 3 RW 04 RT 01', 5, 0, '2020-12-22 07:12:19', 0, 1, 63),
(596, 'SAUNAH', '3209304407560009', 'DUSUN 3 RT 04 RW 03', 4, 0, '2020-12-22 07:12:18', 0, 1, 63),
(595, 'ATIK NURYAWAN', '3209300305820004', 'DUSUN 3 RT 04 RW 03', 6, 389224800, '2020-12-22 07:12:18', 0, 1, 63),
(594, 'DANU', '3209301011730013', 'DUSUN 3 RT 04 RW 03', 5, 121734000, '2020-12-22 07:12:18', 0, 1, 63),
(593, 'KUSTARA', '3209302912490001', 'DUSUN 3 RT 04 RW 03', 4, -631414800, '2020-12-22 07:12:18', 0, 1, 63),
(592, 'RAKILAH', '3209304405380004', 'Dusun 03 RT. 003 RW. 004', 3, 0, '2020-12-22 07:12:17', 0, 1, 63),
(591, 'TARMIN', '3209302409750001', 'Dusun 03 RT. 003 RW. 004', 4, 180745200, '2020-12-22 07:12:17', 0, 1, 63),
(590, 'RAISAH', '3209305109630010', 'Dusun 03 RT. 003 RW. 004', 5, 0, '2020-12-22 07:12:17', 0, 1, 63),
(589, 'WARJU', '3209301207510007', 'Dusun 03 RT. 003 RW. 004', 4, -583030800, '2020-12-22 07:12:17', 0, 1, 63),
(588, 'WAWAN SUGIAWAN', '3209300510770002', 'Dusun 03 RT. 002 RW. 004', 3, 244854000, '2020-12-22 07:12:16', 0, 1, 63),
(587, 'RUSMANI', '3209300302650001', 'Dusun 03 RT. 002 RW. 004', 3, -154918800, '2020-12-22 07:12:16', 0, 1, 63),
(586, 'RIMBA WATI', '3209305707600001', 'Dusun 03 RT. 002 RW. 004', 3, 0, '2020-12-22 07:12:16', 0, 1, 63),
(585, 'WAUD', '3209300107820152', 'Dusun 03 RT. 003 RW. 004', 5, 394322400, '2020-12-22 07:12:15', 0, 1, 63),
(584, 'JAMARI', '3209301607810052', 'Dusun 03 RT. 003 RW. 004', 6, 364082400, '2020-12-22 07:12:15', 0, 1, 63),
(583, 'SOLIHIN', '3209301106520004', 'Dusun 03 RT. 003 RW. 004', 5, -554086800, '2020-12-22 07:12:14', 0, 1, 63),
(582, 'DARINI', '3209305507690001', 'DUSUN 02 RT 03 RW 02', 4, 0, '2020-12-22 07:12:14', 0, 1, 63),
(581, 'ASIM', '3209304307580008', 'DUSUN 02 RT 03 RW 02', 3, 0, '2020-12-22 07:12:13', 0, 1, 63),
(580, 'HINDUN', '3209304601420001', 'DUSUN 02 RT 01 RW 02', 5, 0, '2020-12-22 07:12:13', 0, 1, 63),
(579, 'SUKYAT', '3209301009570010', 'DUSUN 02 RT 01 RW 02', 4, -388458000, '2020-12-22 07:12:13', 0, 1, 63),
(578, 'KARMANA', '3209300502560001', 'DUSUN 02 RT 01 RW 02', 3, -438829200, '2020-12-22 07:12:12', 0, 1, 63),
(577, 'RASKUM', '3209300510400001', 'DUSUN 02 RT 01 RW 02', 5, -922759200, '2020-12-22 07:12:12', 0, 1, 63),
(576, 'RASTUM', '3209300407430003', 'DUSUN 02 RT 01 RW 02', 4, -836186400, '2020-12-22 07:12:11', 0, 1, 63),
(575, 'KASRONI', '3209302004800005', 'DUSUN 02 RT 01 RW 02', 3, 325029600, '2020-12-22 07:12:11', 0, 1, 63),
(574, 'SUHERMAN', '3209051406900002', 'DUSUN 02 RT 01 RW 02', 2, 645314400, '2020-12-22 07:12:11', 0, 1, 63),
(573, 'WARYA', '3209300102350001', 'DUSUN 02', 5, -1101862800, '2020-12-22 07:12:10', 0, 1, 63),
(572, 'SOLEH', '3209300102620005', 'DUSUN 02', 6, -249786000, '2020-12-22 07:12:10', 0, 1, 63),
(571, 'TARI', '3209306703450002', 'DUSUN 02 RT 01 RW 02', 3, 0, '2020-12-22 07:12:10', 0, 1, 63),
(570, 'TAMUIN', '3209302704570004', 'RT 02 RW 02 DUSUN 02', 5, -400208400, '2020-12-22 07:12:09', 0, 1, 63),
(569, 'TOTO', '3209300707517896', 'RT 02 RW 02 DUSUN 02', 7, -583462800, '2020-12-22 07:12:09', 0, 1, 63),
(568, 'SAMTA', '3209300804470001', 'RT 02 RW 02 DUSUN 02', 4, -717472800, '2020-12-22 07:12:09', 0, 1, 63),
(567, 'DASWIN', '3209300107400067', 'RT 02 RW 02 DUSUN 02', 5, -931053600, '2020-12-22 07:12:08', 0, 1, 63),
(566, 'MUMIN', '3209300107480004', 'RT 02 RW 02 DUSUN 02', 3, -678592800, '2020-12-22 07:12:08', 0, 1, 63),
(565, 'SLAMET', '3209300907600008', 'RT 02 RW 02 DUSUN 02', 4, -299206800, '2020-12-22 07:12:08', 0, 1, 63),
(564, 'SUNARTO', '3209300801630001', 'Dusun 02 RT 001 RW 02', 4, -220323600, '2020-12-22 07:12:08', 0, 1, 63),
(563, 'TOTO', '3209300707510001', 'Dusun 02 RT 002 RW 02', 2, -583462800, '2020-12-22 07:12:07', 0, 1, 63),
(562, 'HUSIN', '3209301008610002', 'Dusun 02 RT 004 RW 02', 3, -264906000, '2020-12-22 07:12:07', 0, 1, 63),
(561, 'CASMAD', '3209301406510002', 'Dusun 02 RT 003 RW 02', 5, -585450000, '2020-12-22 07:12:07', 0, 1, 63),
(560, 'RAMIN', '3209302305600002', 'Dusun 02 RT 002 RW 02', 3, -303267600, '2020-12-22 07:12:06', 0, 1, 63),
(559, 'KURDI', '3209300506400002', 'Dusun 02 RT 003 RW 02', 4, -933300000, '2020-12-22 07:12:06', 0, 1, 63),
(558, 'SARMAN', '3209301406470003', 'DUSUN 02 RT 03 RW 02', 6, -711687600, '2020-12-22 07:12:06', 0, 1, 63),
(557, 'SURWI', '3209304705460001', 'RT 02 RW 02 DUSUN 02', 5, 0, '2020-12-22 07:12:05', 0, 1, 63),
(556, 'TARYADI', '3209300602640008', 'Dusun 01 RT 001 RW 01', 4, -186282000, '2020-12-22 07:12:05', 0, 1, 63),
(555, 'CARTINI', '3209304306550001', 'Dusun 01 RT 004 RW 01', 2, 0, '2020-12-22 07:12:05', 0, 1, 63),
(554, 'KASTATI', '3209300309020001', 'DUSUN 01 RW 01 RT 04', 4, 1031004000, '2020-12-22 07:12:04', 0, 1, 63),
(553, 'RASKIM', '3209300605590002', 'DUSUN 01 RW 01 RT 03', 3, -336358800, '2020-12-22 07:12:04', 0, 1, 63),
(552, 'CARMA BN RASMA', '3209300104620007', 'DUSUN 01 RT 02 RW 01', 4, -244688400, '2020-12-22 07:12:03', 0, 1, 63),
(551, 'KADNA', '3209300307530004', 'DUSUN 01 RT 02 RW 01', 3, -520650000, '2020-12-22 07:12:03', 0, 1, 63),
(669, 'MAMAN SUHERMAN', '3203011011720017', 'DUSUN 04 RW 05 RT 01', 4, 90198000, '2020-12-22 07:12:43', 0, 1, 63),
(670, 'UMIYATUN', '3209305505530006', 'DUSUN 04 RW 05 RT 01', 5, 0, '2020-12-22 07:12:43', 0, 1, 63),
(671, 'KASIM', '3209301007840017', 'DUSUN 04 RT 01 RW 06 DESA GEBANG', 6, 458258400, '2020-12-22 07:12:43', 0, 1, 63),
(672, 'DIDI DULHADI', '3209300606780002', 'DUSUN 04 RT 01 RW 06 DESA GEBANG', 5, 265935600, '2020-12-22 07:12:44', 0, 1, 63),
(673, 'KURSIN', '3209300502450003', 'DUSUN 04 RT 02 RW 06', 3, -785898000, '2020-12-22 07:12:44', 0, 1, 63),
(674, 'SUPANDI', '3209302710630001', 'DUSUN 04 RT 02 RW 03', 3, -195094800, '2020-12-22 07:12:45', 0, 1, 63),
(675, 'SUTIRAH', '3209304202490004', 'DUSUN 04 RT 02 RW 03', 3, 0, '2020-12-22 07:12:45', 0, 1, 63),
(676, 'TARSIM', '3209300107490060', 'DUSUN 04 RT 02 RW 05', 4, -647056800, '2020-12-22 07:12:46', 0, 1, 63),
(677, 'KODIR', '3209300805480005', 'DUSUN 04 RT 02 RW 05', 5, -683258400, '2020-12-22 07:12:46', 0, 1, 63),
(678, 'E.SURASA', '3209301207420001', 'DUSUN 04 RT 02 RW 05', 4, -867031200, '2020-12-22 07:12:46', 0, 1, 63),
(679, 'TRISNO', '3209300101700026', 'DUSUN 04 RT 02 RW 05', 3, -3600, '2020-12-22 07:12:47', 0, 1, 63),
(680, 'KASINAH', '3209304107630323', 'DUSUN 04 RT 02 RW 05', 4, 0, '2020-12-22 07:12:47', 0, 1, 63),
(681, 'WARSINI', '3209305005500002', 'DUSUN 04 RT 02 RW 05', 5, 0, '2020-12-22 07:12:47', 0, 1, 63),
(682, 'ADE', '3209301707750003', 'DUSUN 04 RT 02 RW 05', 6, 174783600, '2020-12-22 07:12:48', 0, 1, 63),
(683, 'SAKLIM', '3209300102490002', 'DUSUN 04 RT 02 RW 05', 4, -660013200, '2020-12-22 07:12:48', 0, 1, 63),
(684, 'USUN', '3209306102560006', 'DUSUN 04 RT 03 RW 05', 5, 0, '2020-12-22 07:12:48', 0, 1, 63),
(685, 'RASIM', '3209300806660004', 'DUSUN 04 RT 03 RW 05', 6, -112582800, '2020-12-22 07:12:49', 0, 1, 63),
(686, 'CARIS', '3209301703690003', 'DUSUN 04 RT 03 RW 05', 5, -25059600, '2020-12-22 07:12:49', 0, 1, 63),
(687, 'TARLIM', '3209302207520003', 'DUSUN 04 RT 03 RW 05', 3, -550544400, '2020-12-22 07:12:50', 0, 1, 63),
(688, 'UUS KUSTANDI', '3209300106760012', 'DUSUN 04 RT 03 RW 05', 3, 202431600, '2020-12-22 07:12:50', 0, 1, 63),
(689, 'ROSIMAN', '3209300107700495', 'DUSUN 04 RT 04 RW 05', 3, 15634800, '2020-12-22 07:12:51', 0, 1, 63),
(690, 'WAID', '3209302505750007', 'DUSUN 04 RT 04 RW 05', 4, 170204400, '2020-12-22 07:12:51', 0, 1, 63),
(691, 'CASMIN', '3209300107620134', 'DUSUN 04 RT 04 RW 05', 5, -236826000, '2020-12-22 07:12:51', 0, 1, 63),
(692, 'SANTINAH', '3209305005490003', 'DUSUN 04 RT 04 RW 05', 4, 0, '2020-12-22 07:12:52', 0, 1, 63),
(693, 'SOLEH MAARIF', '3209301506690016', 'DUSUN 04 RT 04 RW 05', 3, -17283600, '2020-12-22 07:12:52', 0, 1, 63),
(694, 'RASTUB', '3209300407550008', 'DUSUN 04 RT 04 RW 05', 4, -457491600, '2020-12-22 07:12:52', 0, 1, 63),
(695, 'AISAH', '3209304505690004', 'DUSUN 04 RT 04 RW 05', 5, 0, '2020-12-22 07:12:53', 0, 1, 63),
(696, 'AMAR', '3209300107680549', 'DUSUN 04 RT 04 RW 05', 6, -47437200, '2020-12-22 07:12:53', 0, 1, 63),
(697, 'KURI', '3209304107500281', 'DUSUN 04 RT 04 RW 06', 4, 0, '2020-12-22 07:12:53', 0, 1, 63),
(698, 'RASMA', '3209300206400001', 'DUSUN 04 RT 04 RW 06 DESA GEBANG', 5, -933559200, '2020-12-22 07:12:54', 0, 1, 63),
(699, 'DASUN', '3209301407530001', 'DUSUN 04 RT 04 RW 06 DESA GEBANG', 4, -519699600, '2020-12-22 07:12:54', 0, 1, 63),
(700, 'AMAD', '3209300204570006', 'DUSUN 04 RT 04 RW 06 DESA GEBANG', 3, -402368400, '2020-12-22 07:12:54', 0, 1, 63),
(701, 'ABDUL KHOLID', '3209301205650007', 'DUSUN 04 RT 04 RW 06 DESA GEBANG', 2, -146451600, '2020-12-22 07:12:54', 0, 1, 63),
(702, 'TARKINI', '3209305204600007', 'DUSUN 04 RW 06 RT 02', 3, 0, '2020-12-22 07:12:55', 0, 1, 63),
(703, 'DARMA BIN TIAN', '3209303012630002', 'DUSUN 04 RW 06 RT 02', 4, -189565200, '2020-12-22 07:12:56', 0, 1, 63),
(704, 'RASWAN', '3209301406530003', 'DUSUN 04 RW 06 RT 02', 5, -522291600, '2020-12-22 07:12:56', 0, 1, 63),
(705, 'SHOLAHUDIN ADINATA', '3209303008710001', 'DUSUN 04 RW 06 RT 03', 4, 52354800, '2020-12-22 07:12:56', 0, 1, 63),
(706, 'RUSMANI', '3209301007920016', 'DUSUN 04 RW 06 RT 03', 3, 710719200, '2020-12-22 07:12:56', 0, 1, 63),
(707, 'TARDI', '3209301005650005', 'DUSUN 04 RW 06 RT 03', 4, -146624400, '2020-12-22 07:12:57', 0, 1, 63),
(708, 'ROCHMAT', '3209301504590001', 'DUSUN 04 RW 06 RT 03', 6, -338173200, '2020-12-22 07:12:57', 0, 1, 63),
(709, 'SOMAD', '3203011011720099', 'DUSUN 04 RT 02 RW 07', 4, 90176400, '2020-12-22 14:51:50', 0, 1, 63),
(710, 'ROJIKIN', '3203011010820089', 'DUSUN 04 RT 02 RW 03', 3, 403030800, '2020-12-22 14:52:55', 0, 1, 63),
(712, 'Andhika', '3209301205650007	', 'ddd', 3, 0, '2020-12-22 15:00:24', 0, 2, 63);

-- --------------------------------------------------------

--
-- Table structure for table `hasil`
--

CREATE TABLE `hasil` (
  `id` int(11) NOT NULL,
  `id_alternatif` int(11) NOT NULL,
  `nilai` float NOT NULL,
  `id_laporan` int(11) NOT NULL
) ENGINE=InnoDB DEFAULT CHARSET=utf8mb4;

--
-- Dumping data for table `hasil`
--

INSERT INTO `hasil` (`id`, `id_alternatif`, `nilai`, `id_laporan`) VALUES
(704, 551, 0, 0),
(705, 552, 0, 0),
(706, 553, 0, 0),
(707, 554, 0, 0),
(708, 555, 0, 0),
(709, 556, 0, 0),
(710, 557, 0, 0),
(711, 558, 0, 0),
(712, 559, 0, 0),
(713, 560, 0, 0),
(714, 561, 0, 0),
(715, 562, 0, 0),
(716, 563, 0, 0),
(717, 564, 0, 0),
(718, 565, 0, 0),
(719, 566, 0, 0),
(720, 567, 0, 0),
(721, 568, 0, 0),
(722, 569, 0, 0),
(723, 570, 0, 0),
(724, 571, 0, 0),
(725, 572, 0, 0),
(726, 573, 0, 0),
(727, 574, 0, 0),
(728, 575, 0, 0),
(729, 576, 0, 0),
(730, 577, 0, 0),
(731, 578, 0, 0),
(732, 579, 0, 0),
(733, 580, 0, 0),
(734, 581, 0, 0),
(735, 582, 0, 0),
(736, 583, 0, 0),
(737, 584, 0, 0),
(738, 585, 0, 0),
(739, 586, 0, 0),
(740, 587, 0, 0),
(741, 588, 0, 0),
(742, 589, 0, 0),
(743, 590, 0, 0),
(744, 591, 0, 0),
(745, 592, 0, 0),
(746, 593, 0, 0),
(747, 594, 0, 0),
(748, 595, 0, 0),
(749, 596, 0, 0),
(750, 597, 0, 0),
(751, 598, 0, 0),
(752, 599, 0, 0),
(753, 600, 0, 0),
(754, 601, 0, 0),
(755, 602, 0, 0),
(756, 603, 0, 0),
(757, 604, 0, 0),
(758, 605, 0, 0),
(759, 606, 0, 0),
(760, 607, 0, 0),
(761, 608, 0, 0),
(762, 609, 0, 0),
(763, 610, 0, 0),
(764, 611, 0, 0),
(765, 612, 0, 0),
(766, 613, 0, 0),
(767, 614, 0, 0),
(768, 615, 0, 0),
(769, 616, 0, 0),
(770, 617, 0, 0),
(771, 618, 0, 0),
(772, 619, 0, 0),
(773, 620, 0, 0),
(774, 621, 0, 0),
(775, 622, 0, 0),
(776, 623, 0, 0),
(777, 624, 0, 0),
(778, 625, 0, 0),
(779, 626, 0, 0),
(780, 627, 0, 0),
(781, 628, 0, 0),
(782, 629, 0, 0),
(783, 630, 0, 0),
(784, 631, 0, 0),
(785, 632, 0, 0),
(786, 633, 0, 0),
(787, 634, 0, 0),
(788, 635, 0, 0),
(789, 636, 0, 0),
(790, 637, 0, 0),
(791, 638, 0, 0),
(792, 639, 0, 0),
(793, 640, 0, 0),
(794, 641, 0, 0),
(795, 642, 0, 0),
(796, 643, 0, 0),
(797, 644, 0, 0),
(798, 645, 0, 0),
(799, 646, 0, 0),
(800, 647, 0, 0),
(801, 648, 0, 0),
(802, 649, 0, 0),
(803, 650, 0, 0),
(804, 651, 0, 0),
(805, 652, 0, 0),
(806, 653, 0, 0),
(807, 654, 0, 0),
(808, 655, 0, 0),
(809, 656, 0, 0),
(810, 657, 0, 0),
(811, 658, 0, 0),
(812, 659, 0, 0),
(813, 660, 0, 0),
(814, 661, 0, 0),
(815, 662, 0, 0),
(816, 663, 0, 0),
(817, 664, 0, 0),
(818, 665, 0, 0),
(819, 666, 0, 0),
(820, 667, 0, 0),
(821, 668, 0, 0),
(822, 669, 0, 0),
(823, 670, 0, 0),
(824, 671, 0, 0),
(825, 672, 0, 0),
(826, 673, 0, 0),
(827, 674, 0, 0),
(828, 675, 0, 0),
(829, 676, 0, 0),
(830, 677, 0, 0),
(831, 678, 0, 0),
(832, 679, 0, 0),
(833, 680, 0, 0),
(834, 681, 0, 0),
(835, 682, 0, 0),
(836, 683, 0, 0),
(837, 684, 0, 0),
(838, 685, 0, 0),
(839, 686, 0, 0),
(840, 687, 0, 0),
(841, 688, 0, 0),
(842, 689, 0, 0),
(843, 690, 0, 0),
(844, 691, 0, 0),
(845, 692, 0, 0),
(846, 693, 0, 0),
(847, 694, 0, 0),
(848, 695, 0, 0),
(849, 696, 0, 0),
(850, 697, 0, 0),
(851, 698, 0, 0),
(852, 699, 0, 0),
(853, 700, 0, 0),
(854, 701, 0, 0),
(855, 702, 0, 0),
(856, 703, 0, 0),
(857, 704, 0, 0),
(858, 705, 0, 0),
(859, 706, 0, 0),
(860, 707, 0, 0),
(861, 708, 0, 0),
(1178, 551, 0.783612, 107),
(1179, 552, 0.715378, 107),
(1180, 553, 0.809537, 107),
(1181, 554, 0.654683, 107),
(1182, 555, 0.656752, 107),
(1183, 556, 0.819544, 107),
(1184, 557, 0.525968, 107),
(1185, 558, 0.62699, 107),
(1186, 559, 0.852994, 107),
(1187, 560, 0.508935, 107),
(1188, 561, 0.590636, 107),
(1189, 562, 0.51133, 107),
(1190, 563, 0.635501, 107),
(1191, 564, 0.735579, 107),
(1192, 565, 0.762149, 107),
(1193, 566, 0.776077, 107),
(1194, 567, 0.639008, 107),
(1195, 568, 0.652915, 107),
(1196, 569, 0.508935, 107),
(1197, 570, 0.796433, 107),
(1198, 571, 0.820862, 107),
(1199, 572, 0.605885, 107),
(1200, 573, 0.518046, 107),
(1201, 574, 0.517418, 107),
(1202, 575, 0.735579, 107),
(1203, 576, 0.492872, 107),
(1204, 577, 0.605529, 107),
(1205, 578, 0.493225, 107),
(1206, 579, 0.747937, 107),
(1207, 580, 0.718352, 107),
(1208, 581, 0.590942, 107),
(1209, 582, 0.599219, 107),
(1210, 583, 0.824483, 107),
(1211, 584, 0.598916, 107),
(1212, 585, 0.747135, 107),
(1213, 586, 0.590636, 107),
(1214, 587, 0.884607, 107),
(1215, 588, 0.75, 107),
(1216, 589, 0.637558, 107),
(1217, 590, 0.669, 107),
(1218, 591, 0.803692, 107),
(1219, 592, 0.729388, 107),
(1220, 593, 0.5, 107),
(1221, 594, 0.633761, 107),
(1222, 595, 0.742936, 107),
(1223, 596, 0.75, 107),
(1224, 597, 0.735579, 107),
(1225, 598, 0.504968, 107),
(1226, 599, 0.735579, 107),
(1227, 600, 0.75, 107),
(1228, 601, 0.633761, 107),
(1229, 602, 0.597229, 107),
(1230, 603, 0.542405, 107),
(1231, 604, 0.25, 107),
(1232, 605, 0.599219, 107),
(1233, 606, 0.653492, 107),
(1234, 607, 0.751441, 107),
(1235, 608, 0.742054, 107),
(1236, 609, 0.654683, 107),
(1237, 610, 0.814884, 107),
(1238, 611, 0.714753, 107),
(1239, 612, 0.635813, 107),
(1240, 613, 0.491065, 107),
(1241, 614, 0.799097, 107),
(1242, 615, 0.940277, 107),
(1243, 616, 0.607527, 107),
(1244, 617, 0.638567, 107),
(1245, 618, 0.734652, 107),
(1246, 619, 0.796433, 107),
(1247, 620, 0.791922, 107),
(1248, 621, 0.67197, 107),
(1249, 622, 0.590636, 107),
(1250, 623, 0.751441, 107),
(1251, 624, 0.829989, 107),
(1252, 625, 0.605529, 107),
(1253, 626, 0.737885, 107),
(1254, 627, 0.644426, 107),
(1255, 628, 0.7383, 107),
(1256, 629, 0.719739, 107),
(1257, 630, 0.605529, 107),
(1258, 631, 0.735579, 107),
(1259, 632, 0.508935, 107),
(1260, 633, 0.616476, 107),
(1261, 634, 0.62699, 107),
(1262, 635, 0.623052, 107),
(1263, 636, 0.726765, 107),
(1264, 637, 0.735579, 107),
(1265, 638, 0.711714, 107),
(1266, 639, 0.7383, 107),
(1267, 640, 0.600907, 107),
(1268, 641, 0.831461, 107),
(1269, 642, 0.629834, 107),
(1270, 643, 0.722991, 107),
(1271, 644, 0.75, 107),
(1272, 645, 0.800959, 107),
(1273, 646, 0.455206, 107),
(1274, 647, 0.590636, 107),
(1275, 648, 0.654699, 107),
(1276, 649, 0.711583, 107),
(1277, 650, 0.642027, 107),
(1278, 651, 0.659135, 107),
(1279, 652, 0.637267, 107),
(1280, 653, 0.590636, 107),
(1281, 654, 0.735579, 107),
(1282, 655, 0.600783, 107),
(1283, 656, 0.75, 107),
(1284, 657, 0.412582, 107),
(1285, 658, 0.800959, 107),
(1286, 659, 0.802296, 107),
(1287, 660, 0.637267, 107),
(1288, 661, 0.252865, 107),
(1289, 662, 0.747135, 107),
(1290, 663, 0.7383, 107),
(1291, 664, 0.599219, 107),
(1292, 665, 0.536991, 107),
(1293, 666, 0.904097, 107),
(1294, 667, 0.592622, 107),
(1295, 668, 0.609062, 107),
(1296, 669, 0.592622, 107),
(1297, 670, 0.599219, 107),
(1298, 671, 0.726765, 107),
(1299, 672, 0.728126, 107),
(1300, 673, 0.629025, 107),
(1301, 674, 0.554482, 107),
(1302, 675, 0.598916, 107),
(1303, 676, 0.75, 107),
(1304, 677, 0.813421, 107),
(1305, 678, 0.515948, 107),
(1306, 679, 0.735579, 107),
(1307, 680, 0.719739, 107),
(1308, 681, 0.590636, 107),
(1309, 682, 1, 107),
(1310, 683, 0.59484, 107),
(1311, 684, 0.809537, 107),
(1312, 685, 0.25, 107),
(1313, 686, 0.731632, 107),
(1314, 687, 0.511057, 107),
(1315, 688, 0.739716, 107),
(1316, 689, 0.935584, 107),
(1317, 690, 0.664476, 107),
(1318, 691, 0.751441, 107),
(1319, 692, 0.740248, 107),
(1320, 693, 0.469823, 107),
(1321, 694, 0.644953, 107),
(1322, 695, 0.502431, 107),
(1323, 696, 0.714016, 107),
(1324, 697, 0.5, 107),
(1325, 698, 0.509257, 107),
(1326, 699, 0.747135, 107),
(1327, 700, 0.633761, 107),
(1328, 701, 0.448601, 107),
(1329, 702, 0.598916, 107),
(1330, 703, 0.734652, 107),
(1331, 704, 1, 107),
(1332, 705, 0.468732, 107),
(1333, 706, 0.632869, 107),
(1334, 707, 0.480208, 107),
(1335, 708, 0.543448, 107),
(1336, 709, 0, 107),
(1337, 710, 0, 107),
(1498, 551, 0.72044, 109),
(1499, 552, 0.625907, 109),
(1500, 553, 0.752239, 109),
(1501, 554, 0.566466, 109),
(1502, 555, 0.568818, 109),
(1503, 556, 0.764346, 109),
(1504, 557, 0.41399, 109),
(1505, 558, 0.512789, 109),
(1506, 559, 0.808808, 109),
(1507, 560, 0.347793, 109),
(1508, 561, 0.465165, 109),
(1509, 562, 0.35302, 109),
(1510, 563, 0.523535, 109),
(1511, 564, 0.648816, 109),
(1512, 565, 0.684527, 109),
(1513, 566, 0.711644, 109),
(1514, 567, 0.528563, 109),
(1515, 568, 0.54933, 109),
(1516, 569, 0.347793, 109),
(1517, 570, 0.735528, 109),
(1518, 571, 0.766478, 109),
(1519, 572, 0.488051, 109),
(1520, 573, 0.362147, 109),
(1521, 574, 0.36599, 109),
(1522, 575, 0.648816, 109),
(1523, 576, 0.326235, 109),
(1524, 577, 0.484613, 109),
(1525, 578, 0.328109, 109),
(1526, 579, 0.665842, 109),
(1527, 580, 0.646873, 109),
(1528, 581, 0.469375, 109),
(1529, 582, 0.476465, 109),
(1530, 583, 0.770932, 109),
(1531, 584, 0.47598, 109),
(1532, 585, 0.663092, 109),
(1533, 586, 0.465165, 109),
(1534, 587, 0.851705, 109),
(1535, 588, 0.666667, 109),
(1536, 589, 0.526146, 109),
(1537, 590, 0.583886, 109),
(1538, 591, 0.744448, 109),
(1539, 592, 0.641118, 109),
(1540, 593, 0.333333, 109),
(1541, 594, 0.521412, 109),
(1542, 595, 0.658224, 109),
(1543, 596, 0.666667, 109),
(1544, 597, 0.648816, 109),
(1545, 598, 0.342864, 109),
(1546, 599, 0.648816, 109),
(1547, 600, 0.666667, 109),
(1548, 601, 0.521412, 109),
(1549, 602, 0.473854, 109),
(1550, 603, 0.432879, 109),
(1551, 604, 0, 109),
(1552, 605, 0.476465, 109),
(1553, 606, 0.564743, 109),
(1554, 607, 0.668821, 109),
(1555, 608, 0.657136, 109),
(1556, 609, 0.566466, 109),
(1557, 610, 0.75817, 109),
(1558, 611, 0.64199, 109),
(1559, 612, 0.52402, 109),
(1560, 613, 0.32451, 109),
(1561, 614, 0.738651, 109),
(1562, 615, 0.921826, 109),
(1563, 616, 0.487211, 109),
(1564, 617, 0.529395, 109),
(1565, 618, 0.650573, 109),
(1566, 619, 0.735528, 109),
(1567, 620, 0.731195, 109),
(1568, 621, 0.587658, 109),
(1569, 622, 0.465165, 109),
(1570, 623, 0.668821, 109),
(1571, 624, 0.780183, 109),
(1572, 625, 0.484613, 109),
(1573, 626, 0.651573, 109),
(1574, 627, 0.534835, 109),
(1575, 628, 0.652207, 109),
(1576, 629, 0.630906, 109),
(1577, 630, 0.484613, 109),
(1578, 631, 0.648816, 109),
(1579, 632, 0.347793, 109),
(1580, 633, 0.502021, 109),
(1581, 634, 0.512789, 109),
(1582, 635, 0.510379, 109),
(1583, 636, 0.637853, 109),
(1584, 637, 0.648816, 109),
(1585, 638, 0.638226, 109),
(1586, 639, 0.652207, 109),
(1587, 640, 0.478588, 109),
(1588, 641, 0.782118, 109),
(1589, 642, 0.520821, 109),
(1590, 643, 0.633555, 109),
(1591, 644, 0.666667, 109),
(1592, 645, 0.74124, 109),
(1593, 646, 0.338964, 109),
(1594, 647, 0.465165, 109),
(1595, 648, 0.568881, 109),
(1596, 649, 0.62082, 109),
(1597, 650, 0.534291, 109),
(1598, 651, 0.571299, 109),
(1599, 652, 0.526448, 109),
(1600, 653, 0.465165, 109),
(1601, 654, 0.648816, 109),
(1602, 655, 0.479217, 109),
(1603, 656, 0.666667, 109),
(1604, 657, 0.254436, 109),
(1605, 658, 0.74124, 109),
(1606, 659, 0.742563, 109),
(1607, 660, 0.526448, 109),
(1608, 661, 0.0301224, 109),
(1609, 662, 0.663092, 109),
(1610, 663, 0.652207, 109),
(1611, 664, 0.476465, 109),
(1612, 665, 0.452962, 109),
(1613, 666, 0.876132, 109),
(1614, 667, 0.467792, 109),
(1615, 668, 0.489877, 109),
(1616, 669, 0.467792, 109),
(1617, 670, 0.476465, 109),
(1618, 671, 0.637853, 109),
(1619, 672, 0.642853, 109),
(1620, 673, 0.515387, 109),
(1621, 674, 0.471934, 109),
(1622, 675, 0.47598, 109),
(1623, 676, 0.666667, 109),
(1624, 677, 0.756203, 109),
(1625, 678, 0.358882, 109),
(1626, 679, 0.648816, 109),
(1627, 680, 0.630906, 109),
(1628, 681, 0.465165, 109),
(1629, 682, 1, 109),
(1630, 683, 0.471437, 109),
(1631, 684, 0.752239, 109),
(1632, 685, 0, 109),
(1633, 686, 0.644285, 109),
(1634, 687, 0.351184, 109),
(1635, 688, 0.654344, 109),
(1636, 689, 0.915823, 109),
(1637, 690, 0.578964, 109),
(1638, 691, 0.668821, 109),
(1639, 692, 0.655843, 109),
(1640, 693, 0.352263, 109),
(1641, 694, 0.538243, 109),
(1642, 695, 0.344354, 109),
(1643, 696, 0.623831, 109),
(1644, 697, 0.333333, 109),
(1645, 698, 0.348427, 109),
(1646, 699, 0.663092, 109),
(1647, 700, 0.521412, 109),
(1648, 701, 0.315771, 109),
(1649, 702, 0.47598, 109),
(1650, 703, 0.650573, 109),
(1651, 704, 1, 109),
(1652, 705, 0.353824, 109),
(1653, 706, 0.520783, 109),
(1654, 707, 0.367602, 109),
(1655, 708, 0.458718, 109),
(1656, 709, 0.345003, 109),
(1657, 710, 0.489621, 109);

-- --------------------------------------------------------

--
-- Table structure for table `ir`
--

CREATE TABLE `ir` (
  `jumlah` int(11) NOT NULL,
  `nilai` float NOT NULL
) ENGINE=MyISAM DEFAULT CHARSET=latin1;

--
-- Dumping data for table `ir`
--

INSERT INTO `ir` (`jumlah`, `nilai`) VALUES
(1, 0),
(2, 0),
(3, 0.58),
(4, 0.9),
(5, 1.12),
(6, 1.24),
(7, 1.32),
(8, 1.41),
(9, 1.45),
(10, 1.49),
(11, 1.51),
(12, 1.48),
(13, 1.56),
(14, 1.57),
(15, 1.59);

-- --------------------------------------------------------

--
-- Table structure for table `kriteria`
--

CREATE TABLE `kriteria` (
  `id` int(11) NOT NULL,
  `kode_kriteria` varchar(128) NOT NULL,
  `nama` varchar(128) NOT NULL
) ENGINE=InnoDB DEFAULT CHARSET=utf8mb4;

--
-- Dumping data for table `kriteria`
--

INSERT INTO `kriteria` (`id`, `kode_kriteria`, `nama`) VALUES
(52, 'B1', 'Bertempat tinggal dengan luas lantai'),
(53, 'B2', 'Upah per bulan'),
(54, 'B3', 'Kondisi rumah'),
(55, 'B4', 'Fasilitas MCK'),
(80, 'B5', 'Pemilikan asset\r\n');

-- --------------------------------------------------------

--
-- Table structure for table `laporan`
--

CREATE TABLE `laporan` (
  `id_laporan` int(11) NOT NULL,
  `nama` varchar(128) NOT NULL,
  `time_input` datetime NOT NULL DEFAULT current_timestamp(),
  `kuota` int(50) NOT NULL
) ENGINE=InnoDB DEFAULT CHARSET=utf8mb4;

--
-- Dumping data for table `laporan`
--

INSERT INTO `laporan` (`id_laporan`, `nama`, `time_input`, `kuota`) VALUES
(107, 'Laporan_Seleksi 22-Dec-2020', '2020-12-22 14:54:13', 75),
(109, 'Laporan_Seleksi 23-Dec-2020', '2020-12-23 00:30:54', 90);

-- --------------------------------------------------------

--
-- Table structure for table `nilai_analisis`
--

CREATE TABLE `nilai_analisis` (
  `id` int(11) NOT NULL,
  `id_alternatif` int(11) NOT NULL,
  `id_parameter` int(11) NOT NULL,
  `id_kriteria` int(11) NOT NULL
) ENGINE=InnoDB DEFAULT CHARSET=utf8mb4;

--
-- Dumping data for table `nilai_analisis`
--

INSERT INTO `nilai_analisis` (`id`, `id_alternatif`, `id_parameter`, `id_kriteria`) VALUES
(2209, 551, 57, 52),
(2210, 551, 61, 53),
(2211, 551, 67, 54),
(2212, 551, 68, 55),
(2213, 551, 78, 80),
(2214, 552, 59, 52),
(2215, 552, 61, 53),
(2216, 552, 66, 54),
(2217, 552, 69, 55),
(2218, 552, 76, 80),
(2219, 553, 56, 52),
(2220, 553, 61, 53),
(2221, 553, 66, 54),
(2222, 553, 68, 55),
(2223, 553, 76, 80),
(2224, 554, 58, 52),
(2225, 554, 62, 53),
(2226, 554, 66, 54),
(2227, 554, 68, 55),
(2228, 554, 76, 80),
(2229, 555, 57, 52),
(2230, 555, 62, 53),
(2231, 555, 66, 54),
(2232, 555, 68, 55),
(2233, 555, 79, 80),
(2234, 556, 56, 52),
(2235, 556, 61, 53),
(2236, 556, 65, 54),
(2237, 556, 68, 55),
(2238, 556, 77, 80),
(2239, 557, 58, 52),
(2240, 557, 61, 53),
(2241, 557, 67, 54),
(2242, 557, 71, 55),
(2243, 557, 78, 80),
(2244, 558, 58, 52),
(2245, 558, 61, 53),
(2246, 558, 66, 54),
(2247, 558, 70, 55),
(2248, 558, 78, 80),
(2249, 559, 56, 52),
(2250, 559, 60, 53),
(2251, 559, 64, 54),
(2252, 559, 69, 55),
(2253, 559, 77, 80),
(2254, 560, 57, 52),
(2255, 560, 62, 53),
(2256, 560, 66, 54),
(2257, 560, 70, 55),
(2258, 560, 78, 80),
(2259, 561, 58, 52),
(2260, 561, 62, 53),
(2261, 561, 66, 54),
(2262, 561, 69, 55),
(2263, 561, 78, 80),
(2264, 562, 58, 52),
(2265, 562, 62, 53),
(2266, 562, 65, 54),
(2267, 562, 70, 55),
(2268, 562, 76, 80),
(2269, 563, 57, 52),
(2270, 563, 61, 53),
(2271, 563, 66, 54),
(2272, 563, 70, 55),
(2273, 563, 78, 80),
(2274, 564, 58, 52),
(2275, 564, 61, 53),
(2276, 564, 65, 54),
(2277, 564, 69, 55),
(2278, 564, 78, 80),
(2279, 565, 56, 52),
(2280, 565, 61, 53),
(2281, 565, 64, 54),
(2282, 565, 69, 55),
(2283, 565, 76, 80),
(2284, 566, 58, 52),
(2285, 566, 61, 53),
(2286, 566, 67, 54),
(2287, 566, 68, 55),
(2288, 566, 76, 80),
(2289, 567, 57, 52),
(2290, 567, 61, 53),
(2291, 567, 66, 54),
(2292, 567, 70, 55),
(2293, 567, 76, 80),
(2294, 568, 56, 52),
(2295, 568, 61, 53),
(2296, 568, 64, 54),
(2297, 568, 70, 55),
(2298, 568, 78, 80),
(2299, 569, 57, 52),
(2300, 569, 62, 53),
(2301, 569, 66, 54),
(2302, 569, 70, 55),
(2303, 569, 78, 80),
(2304, 570, 58, 52),
(2305, 570, 61, 53),
(2306, 570, 65, 54),
(2307, 570, 68, 55),
(2308, 570, 78, 80),
(2309, 571, 56, 52),
(2310, 571, 61, 53),
(2311, 571, 64, 54),
(2312, 571, 68, 55),
(2313, 571, 78, 80),
(2314, 572, 58, 52),
(2315, 572, 62, 53),
(2316, 572, 64, 54),
(2317, 572, 69, 55),
(2318, 572, 76, 80),
(2319, 573, 57, 52),
(2320, 573, 62, 53),
(2321, 573, 65, 54),
(2322, 573, 70, 55),
(2323, 573, 77, 80),
(2324, 574, 56, 52),
(2325, 574, 62, 53),
(2326, 574, 66, 54),
(2327, 574, 70, 55),
(2328, 574, 78, 80),
(2329, 575, 58, 52),
(2330, 575, 61, 53),
(2331, 575, 65, 54),
(2332, 575, 69, 55),
(2333, 575, 78, 80),
(2334, 576, 58, 52),
(2335, 576, 62, 53),
(2336, 576, 67, 54),
(2337, 576, 70, 55),
(2338, 576, 78, 80),
(2339, 577, 57, 52),
(2340, 577, 62, 53),
(2341, 577, 65, 54),
(2342, 577, 69, 55),
(2343, 577, 78, 80),
(2344, 578, 59, 52),
(2345, 578, 62, 53),
(2346, 578, 66, 54),
(2347, 578, 70, 55),
(2348, 578, 77, 80),
(2349, 579, 56, 52),
(2350, 579, 61, 53),
(2351, 579, 66, 54),
(2352, 579, 69, 55),
(2353, 579, 76, 80),
(2354, 580, 58, 52),
(2355, 580, 60, 53),
(2356, 580, 64, 54),
(2357, 580, 70, 55),
(2358, 580, 76, 80),
(2359, 581, 59, 52),
(2360, 581, 62, 53),
(2361, 581, 65, 54),
(2362, 581, 69, 55),
(2363, 581, 76, 80),
(2364, 582, 58, 52),
(2365, 582, 62, 53),
(2366, 582, 65, 54),
(2367, 582, 69, 55),
(2368, 582, 77, 80),
(2369, 583, 56, 52),
(2370, 583, 61, 53),
(2371, 583, 64, 54),
(2372, 583, 68, 55),
(2373, 583, 77, 80),
(2374, 584, 57, 52),
(2375, 584, 62, 53),
(2376, 584, 66, 54),
(2377, 584, 69, 55),
(2378, 584, 78, 80),
(2379, 585, 57, 52),
(2380, 585, 61, 53),
(2381, 585, 65, 54),
(2382, 585, 69, 55),
(2383, 585, 78, 80),
(2384, 586, 58, 52),
(2385, 586, 62, 53),
(2386, 586, 66, 54),
(2387, 586, 69, 55),
(2388, 586, 78, 80),
(2389, 587, 58, 52),
(2390, 587, 60, 53),
(2391, 587, 66, 54),
(2392, 587, 68, 55),
(2393, 587, 76, 80),
(2394, 588, 57, 52),
(2395, 588, 61, 53),
(2396, 588, 65, 54),
(2397, 588, 69, 55),
(2398, 588, 77, 80),
(2399, 589, 57, 52),
(2400, 589, 61, 53),
(2401, 589, 66, 54),
(2402, 589, 70, 55),
(2403, 589, 77, 80),
(2404, 590, 57, 52),
(2405, 590, 62, 53),
(2406, 590, 64, 54),
(2407, 590, 68, 55),
(2408, 590, 78, 80),
(2409, 591, 57, 52),
(2410, 591, 61, 53),
(2411, 591, 66, 54),
(2412, 591, 68, 55),
(2413, 591, 76, 80),
(2414, 592, 58, 52),
(2415, 592, 61, 53),
(2416, 592, 66, 54),
(2417, 592, 69, 55),
(2418, 592, 77, 80),
(2419, 593, 58, 52),
(2420, 593, 62, 53),
(2421, 593, 66, 54),
(2422, 593, 70, 55),
(2423, 593, 78, 80),
(2424, 594, 58, 52),
(2425, 594, 61, 53),
(2426, 594, 65, 54),
(2427, 594, 70, 55),
(2428, 594, 78, 80),
(2429, 595, 57, 52),
(2430, 595, 61, 53),
(2431, 595, 65, 54),
(2432, 595, 69, 55),
(2433, 595, 79, 80),
(2434, 596, 57, 52),
(2435, 596, 61, 53),
(2436, 596, 65, 54),
(2437, 596, 69, 55),
(2438, 596, 77, 80),
(2439, 597, 58, 52),
(2440, 597, 61, 53),
(2441, 597, 65, 54),
(2442, 597, 69, 55),
(2443, 597, 78, 80),
(2444, 598, 58, 52),
(2445, 598, 62, 53),
(2446, 598, 65, 54),
(2447, 598, 70, 55),
(2448, 598, 79, 80),
(2449, 599, 58, 52),
(2450, 599, 61, 53),
(2451, 599, 65, 54),
(2452, 599, 69, 55),
(2453, 599, 78, 80),
(2454, 600, 57, 52),
(2455, 600, 61, 53),
(2456, 600, 65, 54),
(2457, 600, 69, 55),
(2458, 600, 77, 80),
(2459, 601, 58, 52),
(2460, 601, 61, 53),
(2461, 601, 65, 54),
(2462, 601, 70, 55),
(2463, 601, 78, 80),
(2464, 602, 58, 52),
(2465, 602, 62, 53),
(2466, 602, 65, 54),
(2467, 602, 69, 55),
(2468, 602, 78, 80),
(2469, 603, 57, 52),
(2470, 603, 61, 53),
(2471, 603, 66, 54),
(2472, 603, 71, 55),
(2473, 603, 76, 80),
(2474, 604, 59, 52),
(2475, 604, 63, 53),
(2476, 604, 67, 54),
(2477, 604, 71, 55),
(2478, 604, 79, 80),
(2479, 605, 58, 52),
(2480, 605, 62, 53),
(2481, 605, 65, 54),
(2482, 605, 69, 55),
(2483, 605, 77, 80),
(2484, 606, 58, 52),
(2485, 606, 62, 53),
(2486, 606, 66, 54),
(2487, 606, 68, 55),
(2488, 606, 77, 80),
(2489, 607, 57, 52),
(2490, 607, 61, 53),
(2491, 607, 65, 54),
(2492, 607, 69, 55),
(2493, 607, 76, 80),
(2494, 608, 57, 52),
(2495, 608, 61, 53),
(2496, 608, 66, 54),
(2497, 608, 69, 55),
(2498, 608, 76, 80),
(2499, 609, 58, 52),
(2500, 609, 62, 53),
(2501, 609, 66, 54),
(2502, 609, 68, 55),
(2503, 609, 76, 80),
(2504, 610, 57, 52),
(2505, 610, 61, 53),
(2506, 610, 65, 54),
(2507, 610, 68, 55),
(2508, 610, 76, 80),
(2509, 611, 58, 52),
(2510, 611, 60, 53),
(2511, 611, 65, 54),
(2512, 611, 70, 55),
(2513, 611, 76, 80),
(2514, 612, 58, 52),
(2515, 612, 61, 53),
(2516, 612, 65, 54),
(2517, 612, 70, 55),
(2518, 612, 77, 80),
(2519, 613, 59, 52),
(2520, 613, 62, 53),
(2521, 613, 66, 54),
(2522, 613, 70, 55),
(2523, 613, 78, 80),
(2524, 614, 57, 52),
(2525, 614, 61, 53),
(2526, 614, 66, 54),
(2527, 614, 68, 55),
(2528, 614, 78, 80),
(2529, 615, 56, 52),
(2530, 615, 60, 53),
(2531, 615, 65, 54),
(2532, 615, 68, 55),
(2533, 615, 78, 80),
(2534, 616, 57, 52),
(2535, 616, 62, 53),
(2536, 616, 65, 54),
(2537, 616, 69, 55),
(2538, 616, 77, 80),
(2539, 617, 58, 52),
(2540, 617, 61, 53),
(2541, 617, 64, 54),
(2542, 617, 70, 55),
(2543, 617, 78, 80),
(2544, 618, 56, 52),
(2545, 618, 61, 53),
(2546, 618, 67, 54),
(2547, 618, 69, 55),
(2548, 618, 76, 80),
(2549, 619, 58, 52),
(2550, 619, 61, 53),
(2551, 619, 65, 54),
(2552, 619, 68, 55),
(2553, 619, 78, 80),
(2554, 620, 56, 52),
(2555, 620, 61, 53),
(2556, 620, 67, 54),
(2557, 620, 68, 55),
(2558, 620, 77, 80),
(2559, 621, 57, 52),
(2560, 621, 62, 53),
(2561, 621, 64, 54),
(2562, 621, 68, 55),
(2563, 621, 76, 80),
(2564, 622, 58, 52),
(2565, 622, 62, 53),
(2566, 622, 66, 54),
(2567, 622, 69, 55),
(2568, 622, 78, 80),
(2569, 623, 57, 52),
(2570, 623, 61, 53),
(2571, 623, 65, 54),
(2572, 623, 69, 55),
(2573, 623, 76, 80),
(2574, 624, 58, 52),
(2575, 624, 60, 53),
(2576, 624, 64, 54),
(2577, 624, 69, 55),
(2578, 624, 77, 80),
(2579, 625, 57, 52),
(2580, 625, 62, 53),
(2581, 625, 65, 54),
(2582, 625, 69, 55),
(2583, 625, 78, 80),
(2584, 626, 57, 52),
(2585, 626, 61, 53),
(2586, 626, 66, 54),
(2587, 626, 69, 55),
(2588, 626, 78, 80),
(2589, 627, 57, 52),
(2590, 627, 61, 53),
(2591, 627, 65, 54),
(2592, 627, 70, 55),
(2593, 627, 77, 80),
(2594, 628, 58, 52),
(2595, 628, 61, 53),
(2596, 628, 65, 54),
(2597, 628, 69, 55),
(2598, 628, 77, 80),
(2599, 629, 59, 52),
(2600, 629, 61, 53),
(2601, 629, 65, 54),
(2602, 629, 69, 55),
(2603, 629, 78, 80),
(2604, 630, 57, 52),
(2605, 630, 62, 53),
(2606, 630, 65, 54),
(2607, 630, 69, 55),
(2608, 630, 78, 80),
(2609, 631, 58, 52),
(2610, 631, 61, 53),
(2611, 631, 65, 54),
(2612, 631, 69, 55),
(2613, 631, 78, 80),
(2614, 632, 57, 52),
(2615, 632, 62, 53),
(2616, 632, 66, 54),
(2617, 632, 70, 55),
(2618, 632, 78, 80),
(2619, 633, 59, 52),
(2620, 633, 61, 53),
(2621, 633, 66, 54),
(2622, 633, 70, 55),
(2623, 633, 78, 80),
(2624, 634, 58, 52),
(2625, 634, 61, 53),
(2626, 634, 66, 54),
(2627, 634, 70, 55),
(2628, 634, 78, 80),
(2629, 635, 59, 52),
(2630, 635, 61, 53),
(2631, 635, 65, 54),
(2632, 635, 70, 55),
(2633, 635, 78, 80),
(2634, 636, 58, 52),
(2635, 636, 61, 53),
(2636, 636, 66, 54),
(2637, 636, 69, 55),
(2638, 636, 78, 80),
(2639, 637, 58, 52),
(2640, 637, 61, 53),
(2641, 637, 65, 54),
(2642, 637, 69, 55),
(2643, 637, 78, 80),
(2644, 638, 58, 52),
(2645, 638, 60, 53),
(2646, 638, 65, 54),
(2647, 638, 70, 55),
(2648, 638, 78, 80),
(2649, 639, 58, 52),
(2650, 639, 61, 53),
(2651, 639, 65, 54),
(2652, 639, 69, 55),
(2653, 639, 77, 80),
(2654, 640, 57, 52),
(2655, 640, 62, 53),
(2656, 640, 66, 54),
(2657, 640, 69, 55),
(2658, 640, 77, 80),
(2659, 641, 58, 52),
(2660, 641, 60, 53),
(2661, 641, 64, 54),
(2662, 641, 69, 55),
(2663, 641, 76, 80),
(2664, 642, 59, 52),
(2665, 642, 61, 53),
(2666, 642, 64, 54),
(2667, 642, 70, 55),
(2668, 642, 77, 80),
(2669, 643, 58, 52),
(2670, 643, 61, 53),
(2671, 643, 66, 54),
(2672, 643, 69, 55),
(2673, 643, 79, 80),
(2674, 644, 57, 52),
(2675, 644, 61, 53),
(2676, 644, 65, 54),
(2677, 644, 69, 55),
(2678, 644, 77, 80),
(2679, 645, 58, 52),
(2680, 645, 61, 53),
(2681, 645, 65, 54),
(2682, 645, 68, 55),
(2683, 645, 76, 80),
(2684, 646, 59, 52),
(2685, 646, 63, 53),
(2686, 646, 67, 54),
(2687, 646, 69, 55),
(2688, 646, 78, 80),
(2689, 647, 58, 52),
(2690, 647, 62, 53),
(2691, 647, 66, 54),
(2692, 647, 69, 55),
(2693, 647, 78, 80),
(2694, 648, 59, 52),
(2695, 648, 62, 53),
(2696, 648, 64, 54),
(2697, 648, 68, 55),
(2698, 648, 76, 80),
(2699, 649, 59, 52),
(2700, 649, 61, 53),
(2701, 649, 66, 54),
(2702, 649, 69, 55),
(2703, 649, 78, 80),
(2704, 650, 58, 52),
(2705, 650, 61, 53),
(2706, 650, 64, 54),
(2707, 650, 70, 55),
(2708, 650, 76, 80),
(2709, 651, 57, 52),
(2710, 651, 62, 53),
(2711, 651, 66, 54),
(2712, 651, 68, 55),
(2713, 651, 78, 80),
(2714, 652, 58, 52),
(2715, 652, 61, 53),
(2716, 652, 65, 54),
(2717, 652, 70, 55),
(2718, 652, 76, 80),
(2719, 653, 58, 52),
(2720, 653, 62, 53),
(2721, 653, 66, 54),
(2722, 653, 69, 55),
(2723, 653, 78, 80),
(2724, 654, 58, 52),
(2725, 654, 61, 53),
(2726, 654, 65, 54),
(2727, 654, 69, 55),
(2728, 654, 78, 80),
(2729, 655, 58, 52),
(2730, 655, 62, 53),
(2731, 655, 65, 54),
(2732, 655, 69, 55),
(2733, 655, 76, 80),
(2734, 656, 57, 52),
(2735, 656, 61, 53),
(2736, 656, 65, 54),
(2737, 656, 69, 55),
(2738, 656, 77, 80),
(2739, 657, 57, 52),
(2740, 657, 62, 53),
(2741, 657, 67, 54),
(2742, 657, 71, 55),
(2743, 657, 78, 80),
(2744, 658, 58, 52),
(2745, 658, 61, 53),
(2746, 658, 65, 54),
(2747, 658, 68, 55),
(2748, 658, 76, 80),
(2749, 659, 57, 52),
(2750, 659, 61, 53),
(2751, 659, 66, 54),
(2752, 659, 68, 55),
(2753, 659, 77, 80),
(2754, 660, 58, 52),
(2755, 660, 61, 53),
(2756, 660, 65, 54),
(2757, 660, 70, 55),
(2758, 660, 76, 80),
(2759, 661, 59, 52),
(2760, 661, 63, 53),
(2761, 661, 67, 54),
(2762, 661, 71, 55),
(2763, 661, 78, 80),
(2764, 662, 57, 52),
(2765, 662, 61, 53),
(2766, 662, 65, 54),
(2767, 662, 69, 55),
(2768, 662, 78, 80),
(2769, 663, 58, 52),
(2770, 663, 61, 53),
(2771, 663, 65, 54),
(2772, 663, 69, 55),
(2773, 663, 77, 80),
(2774, 664, 58, 52),
(2775, 664, 62, 53),
(2776, 664, 65, 54),
(2777, 664, 69, 55),
(2778, 664, 77, 80),
(2779, 665, 57, 52),
(2780, 665, 63, 53),
(2781, 665, 67, 54),
(2782, 665, 68, 55),
(2783, 665, 79, 80),
(2784, 666, 58, 52),
(2785, 666, 60, 53),
(2786, 666, 65, 54),
(2787, 666, 68, 55),
(2788, 666, 76, 80),
(2789, 667, 58, 52),
(2790, 667, 62, 53),
(2791, 667, 66, 54),
(2792, 667, 69, 55),
(2793, 667, 77, 80),
(2794, 668, 57, 52),
(2795, 668, 62, 53),
(2796, 668, 65, 54),
(2797, 668, 69, 55),
(2798, 668, 76, 80),
(2799, 669, 58, 52),
(2800, 669, 62, 53),
(2801, 669, 66, 54),
(2802, 669, 69, 55),
(2803, 669, 77, 80),
(2804, 670, 58, 52),
(2805, 670, 62, 53),
(2806, 670, 65, 54),
(2807, 670, 69, 55),
(2808, 670, 77, 80),
(2809, 671, 58, 52),
(2810, 671, 61, 53),
(2811, 671, 66, 54),
(2812, 671, 69, 55),
(2813, 671, 78, 80),
(2814, 672, 59, 52),
(2815, 672, 61, 53),
(2816, 672, 64, 54),
(2817, 672, 69, 55),
(2818, 672, 76, 80),
(2819, 673, 58, 52),
(2820, 673, 61, 53),
(2821, 673, 66, 54),
(2822, 673, 70, 55),
(2823, 673, 77, 80),
(2824, 674, 56, 52),
(2825, 674, 63, 53),
(2826, 674, 65, 54),
(2827, 674, 68, 55),
(2828, 674, 77, 80),
(2829, 675, 57, 52),
(2830, 675, 62, 53),
(2831, 675, 66, 54),
(2832, 675, 69, 55),
(2833, 675, 78, 80),
(2834, 676, 57, 52),
(2835, 676, 61, 53),
(2836, 676, 65, 54),
(2837, 676, 69, 55),
(2838, 676, 77, 80),
(2839, 677, 57, 52),
(2840, 677, 61, 53),
(2841, 677, 65, 54),
(2842, 677, 68, 55),
(2843, 677, 77, 80),
(2844, 678, 57, 52),
(2845, 678, 62, 53),
(2846, 678, 65, 54),
(2847, 678, 70, 55),
(2848, 678, 78, 80),
(2849, 679, 58, 52),
(2850, 679, 61, 53),
(2851, 679, 65, 54),
(2852, 679, 69, 55),
(2853, 679, 78, 80),
(2854, 680, 59, 52),
(2855, 680, 61, 53),
(2856, 680, 65, 54),
(2857, 680, 69, 55),
(2858, 680, 78, 80),
(2859, 681, 58, 52),
(2860, 681, 62, 53),
(2861, 681, 66, 54),
(2862, 681, 69, 55),
(2863, 681, 78, 80),
(2864, 682, 56, 52),
(2865, 682, 60, 53),
(2866, 682, 64, 54),
(2867, 682, 68, 55),
(2868, 682, 76, 80),
(2869, 683, 58, 52),
(2870, 683, 62, 53),
(2871, 683, 65, 54),
(2872, 683, 69, 55),
(2873, 683, 79, 80),
(2874, 684, 56, 52),
(2875, 684, 61, 53),
(2876, 684, 66, 54),
(2877, 684, 68, 55),
(2878, 684, 76, 80),
(2879, 685, 59, 52),
(2880, 685, 63, 53),
(2881, 685, 67, 54),
(2882, 685, 71, 55),
(2883, 685, 79, 80),
(2884, 686, 58, 52),
(2885, 686, 61, 53),
(2886, 686, 65, 54),
(2887, 686, 69, 55),
(2888, 686, 79, 80),
(2889, 687, 57, 52),
(2890, 687, 62, 53),
(2891, 687, 66, 54),
(2892, 687, 70, 55),
(2893, 687, 77, 80),
(2894, 688, 58, 52),
(2895, 688, 61, 53),
(2896, 688, 65, 54),
(2897, 688, 69, 55),
(2898, 688, 76, 80),
(2899, 689, 57, 52),
(2900, 689, 60, 53),
(2901, 689, 65, 54),
(2902, 689, 68, 55),
(2903, 689, 77, 80),
(2904, 690, 58, 52),
(2905, 690, 62, 53),
(2906, 690, 64, 54),
(2907, 690, 68, 55),
(2908, 690, 76, 80),
(2909, 691, 57, 52),
(2910, 691, 61, 53),
(2911, 691, 65, 54),
(2912, 691, 69, 55),
(2913, 691, 76, 80),
(2914, 692, 58, 52),
(2915, 692, 61, 53),
(2916, 692, 64, 54),
(2917, 692, 69, 55),
(2918, 692, 78, 80),
(2919, 693, 58, 52),
(2920, 693, 63, 53),
(2921, 693, 66, 54),
(2922, 693, 69, 55),
(2923, 693, 77, 80),
(2924, 694, 56, 52),
(2925, 694, 61, 53),
(2926, 694, 66, 54),
(2927, 694, 70, 55),
(2928, 694, 76, 80),
(2929, 695, 59, 52),
(2930, 695, 62, 53),
(2931, 695, 65, 54),
(2932, 695, 70, 55),
(2933, 695, 76, 80),
(2934, 696, 59, 52),
(2935, 696, 61, 53),
(2936, 696, 66, 54),
(2937, 696, 69, 55),
(2938, 696, 77, 80),
(2939, 697, 58, 52),
(2940, 697, 62, 53),
(2941, 697, 66, 54),
(2942, 697, 70, 55),
(2943, 697, 78, 80),
(2944, 698, 58, 52),
(2945, 698, 62, 53),
(2946, 698, 65, 54),
(2947, 698, 70, 55),
(2948, 698, 77, 80),
(2949, 699, 57, 52),
(2950, 699, 61, 53),
(2951, 699, 65, 54),
(2952, 699, 69, 55),
(2953, 699, 78, 80),
(2954, 700, 58, 52),
(2955, 700, 61, 53),
(2956, 700, 65, 54),
(2957, 700, 70, 55),
(2958, 700, 78, 80),
(2959, 701, 56, 52),
(2960, 701, 62, 53),
(2961, 701, 64, 54),
(2962, 701, 71, 55),
(2963, 701, 76, 80),
(2964, 702, 57, 52),
(2965, 702, 62, 53),
(2966, 702, 66, 54),
(2967, 702, 69, 55),
(2968, 702, 78, 80),
(2969, 703, 56, 52),
(2970, 703, 61, 53),
(2971, 703, 67, 54),
(2972, 703, 69, 55),
(2973, 703, 76, 80),
(2974, 704, 56, 52),
(2975, 704, 60, 53),
(2976, 704, 64, 54),
(2977, 704, 68, 55),
(2978, 704, 76, 80),
(2979, 705, 59, 52),
(2980, 705, 63, 53),
(2981, 705, 65, 54),
(2982, 705, 69, 55),
(2983, 705, 77, 80),
(2984, 706, 57, 52),
(2985, 706, 61, 53),
(2986, 706, 66, 54),
(2987, 706, 70, 55),
(2988, 706, 79, 80),
(2989, 707, 58, 52),
(2990, 707, 63, 53),
(2991, 707, 64, 54),
(2992, 707, 69, 55),
(2993, 707, 78, 80),
(2994, 708, 57, 52),
(2995, 708, 63, 53),
(2996, 708, 66, 54),
(2997, 708, 68, 55),
(2998, 708, 78, 80),
(2999, 709, 58, 52),
(3000, 709, 62, 53),
(3001, 709, 65, 54),
(3002, 709, 70, 55),
(3003, 709, 78, 80),
(3004, 710, 56, 52),
(3005, 710, 62, 53),
(3006, 710, 66, 54),
(3007, 710, 69, 55),
(3008, 710, 77, 80),
(3009, 712, 0, 52),
(3010, 712, 0, 53),
(3011, 712, 0, 54),
(3012, 712, 0, 55),
(3013, 712, 0, 80);

-- --------------------------------------------------------

--
-- Table structure for table `parameter`
--

CREATE TABLE `parameter` (
  `id_parameter` int(11) NOT NULL,
  `id_kriteria` int(11) NOT NULL,
  `nama_parameter` varchar(128) NOT NULL,
  `nilai_parameter` int(11) NOT NULL
) ENGINE=InnoDB DEFAULT CHARSET=utf8mb4;

--
-- Dumping data for table `parameter`
--

INSERT INTO `parameter` (`id_parameter`, `id_kriteria`, `nama_parameter`, `nilai_parameter`) VALUES
(56, 52, '6 m2/Orang', 4),
(57, 52, '6 m2/Orang - 7 m2/Orang', 3),
(58, 52, '7,1 m2/Orang - 8 m2/Orang', 2),
(59, 52, '&gt;8 m2/Orang', 1),
(60, 53, 'Rp300rb/Bulan atau Tidak memiliki penghasilan tetap/pekerja serabutan.', 4),
(61, 53, 'Rp300rb/Bulan - Rp600rb/Bulan', 3),
(62, 53, 'Rp600rb/Bulan - Rp1jt/Bulan', 2),
(63, 53, '&gt;1jt/Bulan', 1),
(64, 54, 'Lantai tanah dan dinding bambu/kayu', 4),
(65, 54, 'Lantai plester dan dinding bambu/kayu atau Lantai tanah dan dinding plester/tembok', 3),
(66, 54, 'Lantai plester dan dinding plester/tembok', 2),
(67, 54, 'Lantai keramik dan dinding plester/tembok ', 1),
(68, 55, 'Tidak mempunyai / menumpang tetangga / MCK umum', 4),
(69, 55, 'Mempunyai sendiri tapi tidak layak', 3),
(70, 55, 'Mempunyai sendiri lumayan layak', 2),
(71, 55, 'Mempunyai sendiri dan layak ', 1),
(76, 80, 'Tidak memiliki tabungan / barang yang mudah dijual', 4),
(77, 80, 'Memiliki barang yang mudah dijual tidak lebih Rp500rb', 3),
(78, 80, 'Memiliki tabungan / barang yang mudah dijual tidak lebih dari Rp1jt', 2),
(79, 80, 'Memiliki tabungan / barang yang mudah dijual lebih dari Rp1jt', 1);

-- --------------------------------------------------------

--
-- Table structure for table `perbandingan_kriteria`
--

CREATE TABLE `perbandingan_kriteria` (
  `id` int(11) NOT NULL,
  `kriteria1` int(11) NOT NULL,
  `kriteria2` int(11) NOT NULL,
  `nilai` int(11) NOT NULL
) ENGINE=InnoDB DEFAULT CHARSET=utf8mb4;

--
-- Dumping data for table `perbandingan_kriteria`
--

INSERT INTO `perbandingan_kriteria` (`id`, `kriteria1`, `kriteria2`, `nilai`) VALUES
(65, 52, 53, 0),
(66, 52, 54, 1),
(67, 52, 55, 0),
(69, 53, 54, 7),
(70, 53, 55, 1),
(72, 54, 55, 0),
(171, 52, 80, 3),
(181, 53, 80, 5),
(191, 54, 80, 3),
(201, 55, 80, 5);

-- --------------------------------------------------------

--
-- Table structure for table `pv_kriteria`
--

CREATE TABLE `pv_kriteria` (
  `id_kriteria` int(11) NOT NULL,
  `nilai` float NOT NULL
) ENGINE=InnoDB DEFAULT CHARSET=utf8mb4;

--
-- Dumping data for table `pv_kriteria`
--

INSERT INTO `pv_kriteria` (`id_kriteria`, `nilai`) VALUES
(52, 0.0965788),
(53, 0.393154),
(54, 0.0920844),
(55, 0.365247),
(80, 0.0529362);

-- --------------------------------------------------------

--
-- Table structure for table `rangking`
--

CREATE TABLE `rangking` (
  `id` int(11) NOT NULL,
  `id_alternatif` int(11) NOT NULL,
  `nilai` float NOT NULL,
  `rank` int(100) NOT NULL,
  `id_laporan` int(11) NOT NULL
) ENGINE=InnoDB DEFAULT CHARSET=utf8mb4;

--
-- Dumping data for table `rangking`
--

INSERT INTO `rangking` (`id`, `id_alternatif`, `nilai`, `rank`, `id_laporan`) VALUES
(361, 704, 1, 1, 107),
(362, 682, 1, 2, 107),
(363, 615, 0.940277, 3, 107),
(364, 689, 0.935584, 4, 107),
(365, 666, 0.904097, 5, 107),
(366, 587, 0.884607, 6, 107),
(367, 559, 0.852994, 7, 107),
(368, 641, 0.831461, 8, 107),
(369, 624, 0.829989, 9, 107),
(370, 583, 0.824483, 10, 107),
(371, 571, 0.820862, 11, 107),
(372, 556, 0.819544, 12, 107),
(373, 610, 0.814884, 13, 107),
(374, 677, 0.813421, 14, 107),
(375, 684, 0.809537, 15, 107),
(376, 553, 0.809537, 16, 107),
(377, 591, 0.803692, 17, 107),
(378, 659, 0.802296, 18, 107),
(379, 645, 0.800959, 19, 107),
(380, 658, 0.800959, 20, 107),
(381, 614, 0.799097, 21, 107),
(382, 570, 0.796433, 22, 107),
(383, 619, 0.796433, 23, 107),
(384, 620, 0.791922, 24, 107),
(385, 551, 0.783612, 25, 107),
(386, 566, 0.776077, 26, 107),
(387, 565, 0.762149, 27, 107),
(388, 691, 0.751441, 28, 107),
(389, 607, 0.751441, 29, 107),
(390, 623, 0.751441, 30, 107),
(391, 588, 0.75, 31, 107),
(392, 656, 0.75, 32, 107),
(393, 676, 0.75, 33, 107),
(394, 596, 0.75, 34, 107),
(395, 600, 0.75, 35, 107),
(396, 644, 0.75, 36, 107),
(397, 579, 0.747937, 37, 107),
(398, 585, 0.747135, 38, 107),
(399, 662, 0.747135, 39, 107),
(400, 699, 0.747135, 40, 107),
(401, 595, 0.742936, 41, 107),
(402, 608, 0.742054, 42, 107),
(403, 692, 0.740248, 43, 107),
(404, 688, 0.739716, 44, 107),
(405, 628, 0.7383, 45, 107),
(406, 663, 0.7383, 46, 107),
(407, 639, 0.7383, 47, 107),
(408, 626, 0.737885, 48, 107),
(409, 631, 0.735579, 49, 107),
(410, 564, 0.735579, 50, 107),
(411, 637, 0.735579, 51, 107),
(412, 679, 0.735579, 52, 107),
(413, 575, 0.735579, 53, 107),
(414, 654, 0.735579, 54, 107),
(415, 599, 0.735579, 55, 107),
(416, 597, 0.735579, 56, 107),
(417, 618, 0.734652, 57, 107),
(418, 703, 0.734652, 58, 107),
(419, 686, 0.731632, 59, 107),
(420, 592, 0.729388, 60, 107),
(421, 672, 0.728126, 61, 107),
(422, 671, 0.726765, 62, 107),
(423, 636, 0.726765, 63, 107),
(424, 643, 0.722991, 64, 107),
(425, 629, 0.719739, 65, 107),
(426, 680, 0.719739, 66, 107),
(427, 580, 0.718352, 67, 107),
(428, 552, 0.715378, 68, 107),
(429, 611, 0.714753, 69, 107),
(430, 696, 0.714016, 70, 107),
(431, 638, 0.711714, 71, 107),
(432, 649, 0.711583, 72, 107),
(433, 621, 0.67197, 73, 107),
(434, 590, 0.669, 74, 107),
(435, 690, 0.664476, 75, 107),
(436, 651, 0.659135, 76, 107),
(437, 555, 0.656752, 77, 107),
(438, 648, 0.654699, 78, 107),
(439, 554, 0.654683, 79, 107),
(440, 609, 0.654683, 80, 107),
(441, 606, 0.653492, 81, 107),
(442, 568, 0.652915, 82, 107),
(443, 694, 0.644953, 83, 107),
(444, 627, 0.644426, 84, 107),
(445, 650, 0.642027, 85, 107),
(446, 567, 0.639008, 86, 107),
(447, 617, 0.638567, 87, 107),
(448, 589, 0.637558, 88, 107),
(449, 660, 0.637267, 89, 107),
(450, 652, 0.637267, 90, 107),
(451, 612, 0.635813, 91, 107),
(452, 563, 0.635501, 92, 107),
(453, 594, 0.633761, 93, 107),
(454, 700, 0.633761, 94, 107),
(455, 601, 0.633761, 95, 107),
(456, 706, 0.632869, 96, 107),
(457, 642, 0.629834, 97, 107),
(458, 673, 0.629025, 98, 107),
(459, 558, 0.62699, 99, 107),
(460, 634, 0.62699, 100, 107),
(461, 635, 0.623052, 101, 107),
(462, 633, 0.616476, 102, 107),
(463, 668, 0.609062, 103, 107),
(464, 616, 0.607527, 104, 107),
(465, 572, 0.605885, 105, 107),
(466, 625, 0.605529, 106, 107),
(467, 630, 0.605529, 107, 107),
(468, 577, 0.605529, 108, 107),
(469, 640, 0.600907, 109, 107),
(470, 655, 0.600783, 110, 107),
(471, 670, 0.599219, 111, 107),
(472, 582, 0.599219, 112, 107),
(473, 605, 0.599219, 113, 107),
(474, 664, 0.599219, 114, 107),
(475, 584, 0.598916, 115, 107),
(476, 675, 0.598916, 116, 107),
(477, 702, 0.598916, 117, 107),
(478, 602, 0.597229, 118, 107),
(479, 683, 0.59484, 119, 107),
(480, 667, 0.592622, 120, 107),
(481, 669, 0.592622, 121, 107),
(482, 581, 0.590942, 122, 107),
(483, 561, 0.590636, 123, 107),
(484, 622, 0.590636, 124, 107),
(485, 647, 0.590636, 125, 107),
(486, 653, 0.590636, 126, 107),
(487, 586, 0.590636, 127, 107),
(488, 681, 0.590636, 128, 107),
(489, 674, 0.554482, 129, 107),
(490, 708, 0.543448, 130, 107),
(491, 603, 0.542405, 131, 107),
(492, 665, 0.536991, 132, 107),
(493, 557, 0.525968, 133, 107),
(494, 573, 0.518046, 134, 107),
(495, 574, 0.517418, 135, 107),
(496, 678, 0.515948, 136, 107),
(497, 562, 0.51133, 137, 107),
(498, 687, 0.511057, 138, 107),
(499, 698, 0.509257, 139, 107),
(500, 632, 0.508935, 140, 107),
(501, 569, 0.508935, 141, 107),
(502, 560, 0.508935, 142, 107),
(503, 598, 0.504968, 143, 107),
(504, 695, 0.502431, 144, 107),
(505, 697, 0.5, 145, 107),
(506, 593, 0.5, 146, 107),
(507, 578, 0.493225, 147, 107),
(508, 576, 0.492872, 148, 107),
(509, 613, 0.491065, 149, 107),
(510, 707, 0.480208, 150, 107),
(511, 693, 0.469823, 151, 107),
(512, 705, 0.468732, 152, 107),
(513, 646, 0.455206, 153, 107),
(514, 701, 0.448601, 154, 107),
(515, 657, 0.412582, 155, 107),
(516, 661, 0.252865, 156, 107),
(517, 604, 0.25, 157, 107),
(518, 685, 0.25, 158, 107),
(519, 709, 0, 159, 107),
(520, 710, 0, 160, 107),
(521, 682, 1, 1, 109),
(522, 704, 1, 2, 109),
(523, 615, 0.921826, 3, 109),
(524, 689, 0.915823, 4, 109),
(525, 666, 0.876132, 5, 109),
(526, 587, 0.851705, 6, 109),
(527, 559, 0.808808, 7, 109),
(528, 641, 0.782118, 8, 109),
(529, 624, 0.780183, 9, 109),
(530, 583, 0.770932, 10, 109),
(531, 571, 0.766478, 11, 109),
(532, 556, 0.764346, 12, 109),
(533, 610, 0.75817, 13, 109),
(534, 677, 0.756203, 14, 109),
(535, 553, 0.752239, 15, 109),
(536, 684, 0.752239, 16, 109),
(537, 591, 0.744448, 17, 109),
(538, 659, 0.742563, 18, 109),
(539, 645, 0.74124, 19, 109),
(540, 658, 0.74124, 20, 109),
(541, 614, 0.738651, 21, 109),
(542, 619, 0.735528, 22, 109),
(543, 570, 0.735528, 23, 109),
(544, 620, 0.731195, 24, 109),
(545, 551, 0.72044, 25, 109),
(546, 566, 0.711644, 26, 109),
(547, 565, 0.684527, 27, 109),
(548, 691, 0.668821, 28, 109),
(549, 607, 0.668821, 29, 109),
(550, 623, 0.668821, 30, 109),
(551, 588, 0.666667, 31, 109),
(552, 600, 0.666667, 32, 109),
(553, 676, 0.666667, 33, 109),
(554, 596, 0.666667, 34, 109),
(555, 656, 0.666667, 35, 109),
(556, 644, 0.666667, 36, 109),
(557, 579, 0.665842, 37, 109),
(558, 662, 0.663092, 38, 109),
(559, 585, 0.663092, 39, 109),
(560, 699, 0.663092, 40, 109),
(561, 595, 0.658224, 41, 109),
(562, 608, 0.657136, 42, 109),
(563, 692, 0.655843, 43, 109),
(564, 688, 0.654344, 44, 109),
(565, 663, 0.652207, 45, 109),
(566, 639, 0.652207, 46, 109),
(567, 628, 0.652207, 47, 109),
(568, 626, 0.651573, 48, 109),
(569, 703, 0.650573, 49, 109),
(570, 618, 0.650573, 50, 109),
(571, 631, 0.648816, 51, 109),
(572, 637, 0.648816, 52, 109),
(573, 597, 0.648816, 53, 109),
(574, 564, 0.648816, 54, 109),
(575, 654, 0.648816, 55, 109),
(576, 575, 0.648816, 56, 109),
(577, 679, 0.648816, 57, 109),
(578, 599, 0.648816, 58, 109),
(579, 580, 0.646873, 59, 109),
(580, 686, 0.644285, 60, 109),
(581, 672, 0.642853, 61, 109),
(582, 611, 0.64199, 62, 109),
(583, 592, 0.641118, 63, 109),
(584, 638, 0.638226, 64, 109),
(585, 636, 0.637853, 65, 109),
(586, 671, 0.637853, 66, 109),
(587, 643, 0.633555, 67, 109),
(588, 629, 0.630906, 68, 109),
(589, 680, 0.630906, 69, 109),
(590, 552, 0.625907, 70, 109),
(591, 696, 0.623831, 71, 109),
(592, 649, 0.62082, 72, 109),
(593, 621, 0.587658, 73, 109),
(594, 590, 0.583886, 74, 109),
(595, 690, 0.578964, 75, 109),
(596, 651, 0.571299, 76, 109),
(597, 648, 0.568881, 77, 109),
(598, 555, 0.568818, 78, 109),
(599, 609, 0.566466, 79, 109),
(600, 554, 0.566466, 80, 109),
(601, 606, 0.564743, 81, 109),
(602, 568, 0.54933, 82, 109),
(603, 694, 0.538243, 83, 109),
(604, 627, 0.534835, 84, 109),
(605, 650, 0.534291, 85, 109),
(606, 617, 0.529395, 86, 109),
(607, 567, 0.528563, 87, 109),
(608, 660, 0.526448, 88, 109),
(609, 652, 0.526448, 89, 109),
(610, 589, 0.526146, 90, 109),
(611, 612, 0.52402, 91, 109),
(612, 563, 0.523535, 92, 109),
(613, 601, 0.521412, 93, 109),
(614, 700, 0.521412, 94, 109),
(615, 594, 0.521412, 95, 109),
(616, 642, 0.520821, 96, 109),
(617, 706, 0.520783, 97, 109),
(618, 673, 0.515387, 98, 109),
(619, 634, 0.512789, 99, 109),
(620, 558, 0.512789, 100, 109),
(621, 635, 0.510379, 101, 109),
(622, 633, 0.502021, 102, 109),
(623, 668, 0.489877, 103, 109),
(624, 710, 0.489621, 104, 109),
(625, 572, 0.488051, 105, 109),
(626, 616, 0.487211, 106, 109),
(627, 577, 0.484613, 107, 109),
(628, 625, 0.484613, 108, 109),
(629, 630, 0.484613, 109, 109),
(630, 655, 0.479217, 110, 109),
(631, 640, 0.478588, 111, 109),
(632, 582, 0.476465, 112, 109),
(633, 605, 0.476465, 113, 109),
(634, 664, 0.476465, 114, 109),
(635, 670, 0.476465, 115, 109),
(636, 584, 0.47598, 116, 109),
(637, 702, 0.47598, 117, 109),
(638, 675, 0.47598, 118, 109),
(639, 602, 0.473854, 119, 109),
(640, 674, 0.471934, 120, 109),
(641, 683, 0.471437, 121, 109),
(642, 581, 0.469375, 122, 109),
(643, 669, 0.467792, 123, 109),
(644, 667, 0.467792, 124, 109),
(645, 681, 0.465165, 125, 109),
(646, 647, 0.465165, 126, 109),
(647, 622, 0.465165, 127, 109),
(648, 561, 0.465165, 128, 109),
(649, 653, 0.465165, 129, 109),
(650, 586, 0.465165, 130, 109),
(651, 708, 0.458718, 131, 109),
(652, 665, 0.452962, 132, 109),
(653, 603, 0.432879, 133, 109),
(654, 557, 0.41399, 134, 109),
(655, 707, 0.367602, 135, 109),
(656, 574, 0.36599, 136, 109),
(657, 573, 0.362147, 137, 109),
(658, 678, 0.358882, 138, 109),
(659, 705, 0.353824, 139, 109),
(660, 562, 0.35302, 140, 109),
(661, 693, 0.352263, 141, 109),
(662, 687, 0.351184, 142, 109),
(663, 698, 0.348427, 143, 109),
(664, 632, 0.347793, 144, 109),
(665, 560, 0.347793, 145, 109),
(666, 569, 0.347793, 146, 109),
(667, 709, 0.345003, 147, 109),
(668, 695, 0.344354, 148, 109),
(669, 598, 0.342864, 149, 109),
(670, 646, 0.338964, 150, 109),
(671, 697, 0.333333, 151, 109),
(672, 593, 0.333333, 152, 109),
(673, 578, 0.328109, 153, 109),
(674, 576, 0.326235, 154, 109),
(675, 613, 0.32451, 155, 109),
(676, 701, 0.315771, 156, 109),
(677, 657, 0.254436, 157, 109),
(678, 661, 0.0301224, 158, 109),
(679, 685, 0, 159, 109),
(680, 604, 0, 160, 109);

-- --------------------------------------------------------

--
-- Table structure for table `role_user`
--

CREATE TABLE `role_user` (
  `id` int(11) NOT NULL,
  `role` varchar(50) NOT NULL
) ENGINE=InnoDB DEFAULT CHARSET=utf8mb4;

--
-- Dumping data for table `role_user`
--

INSERT INTO `role_user` (`id`, `role`) VALUES
(1, 'Disable'),
(2, 'Admin'),
(3, 'Operator');

-- --------------------------------------------------------

--
-- Table structure for table `status`
--

CREATE TABLE `status` (
  `id` int(11) NOT NULL,
  `kondisi` varchar(25) NOT NULL
) ENGINE=InnoDB DEFAULT CHARSET=utf8mb4;

--
-- Dumping data for table `status`
--

INSERT INTO `status` (`id`, `kondisi`) VALUES
(1, 'True'),
(2, 'False');

-- --------------------------------------------------------

--
-- Table structure for table `user`
--

CREATE TABLE `user` (
  `id` int(11) NOT NULL,
  `nama` varchar(128) NOT NULL,
  `email` varchar(128) NOT NULL,
  `username` varchar(128) NOT NULL,
  `password` varchar(256) NOT NULL,
  `id_role` varchar(50) NOT NULL,
  `time_input` datetime NOT NULL DEFAULT current_timestamp(),
  `row_edit` int(11) NOT NULL,
  `id_status` int(11) NOT NULL
) ENGINE=InnoDB DEFAULT CHARSET=utf8mb4;

--
-- Dumping data for table `user`
--

INSERT INTO `user` (`id`, `nama`, `email`, `username`, `password`, `id_role`, `time_input`, `row_edit`, `id_status`) VALUES
(33, 'Budi Prasetyo Andhika', 'operator@gmail.com', 'operator', '$2y$10$cVpzgg46lZyp/ZROmhqYPeYrhRFxlgx4t9L.185E9Q05mHeeNGK6G', '3', '2020-09-11 10:36:38', 0, 1),
(63, 'Andhika Budi Prasetyo', 'admin@gmail.com', 'admin', '$2y$10$RViE3Od.2atkhHN5JS0rJOLTtjpfOak.bJoPy1XHoJZkXxQRKCPMa', '2', '2020-10-09 08:49:38', 0, 1);

--
-- Indexes for dumped tables
--

--
-- Indexes for table `alternatif`
--
ALTER TABLE `alternatif`
  ADD PRIMARY KEY (`id`);

--
-- Indexes for table `hasil`
--
ALTER TABLE `hasil`
  ADD PRIMARY KEY (`id`);

--
-- Indexes for table `ir`
--
ALTER TABLE `ir`
  ADD PRIMARY KEY (`jumlah`);

--
-- Indexes for table `kriteria`
--
ALTER TABLE `kriteria`
  ADD PRIMARY KEY (`id`);

--
-- Indexes for table `laporan`
--
ALTER TABLE `laporan`
  ADD PRIMARY KEY (`id_laporan`);

--
-- Indexes for table `nilai_analisis`
--
ALTER TABLE `nilai_analisis`
  ADD PRIMARY KEY (`id`);

--
-- Indexes for table `parameter`
--
ALTER TABLE `parameter`
  ADD PRIMARY KEY (`id_parameter`);

--
-- Indexes for table `perbandingan_kriteria`
--
ALTER TABLE `perbandingan_kriteria`
  ADD PRIMARY KEY (`id`);

--
-- Indexes for table `rangking`
--
ALTER TABLE `rangking`
  ADD PRIMARY KEY (`id`);

--
-- Indexes for table `role_user`
--
ALTER TABLE `role_user`
  ADD PRIMARY KEY (`id`);

--
-- Indexes for table `status`
--
ALTER TABLE `status`
  ADD PRIMARY KEY (`id`);

--
-- Indexes for table `user`
--
ALTER TABLE `user`
  ADD PRIMARY KEY (`id`);

--
-- AUTO_INCREMENT for dumped tables
--

--
-- AUTO_INCREMENT for table `alternatif`
--
ALTER TABLE `alternatif`
  MODIFY `id` int(11) NOT NULL AUTO_INCREMENT, AUTO_INCREMENT=713;

--
-- AUTO_INCREMENT for table `hasil`
--
ALTER TABLE `hasil`
  MODIFY `id` int(11) NOT NULL AUTO_INCREMENT, AUTO_INCREMENT=2458;

--
-- AUTO_INCREMENT for table `kriteria`
--
ALTER TABLE `kriteria`
  MODIFY `id` int(11) NOT NULL AUTO_INCREMENT, AUTO_INCREMENT=89;

--
-- AUTO_INCREMENT for table `laporan`
--
ALTER TABLE `laporan`
  MODIFY `id_laporan` int(11) NOT NULL AUTO_INCREMENT, AUTO_INCREMENT=115;

--
-- AUTO_INCREMENT for table `nilai_analisis`
--
ALTER TABLE `nilai_analisis`
  MODIFY `id` int(11) NOT NULL AUTO_INCREMENT, AUTO_INCREMENT=3014;

--
-- AUTO_INCREMENT for table `parameter`
--
ALTER TABLE `parameter`
  MODIFY `id_parameter` int(11) NOT NULL AUTO_INCREMENT, AUTO_INCREMENT=80;

--
-- AUTO_INCREMENT for table `perbandingan_kriteria`
--
ALTER TABLE `perbandingan_kriteria`
  MODIFY `id` int(11) NOT NULL AUTO_INCREMENT, AUTO_INCREMENT=265;

--
-- AUTO_INCREMENT for table `rangking`
--
ALTER TABLE `rangking`
  MODIFY `id` int(11) NOT NULL AUTO_INCREMENT, AUTO_INCREMENT=1161;

--
-- AUTO_INCREMENT for table `role_user`
--
ALTER TABLE `role_user`
  MODIFY `id` int(11) NOT NULL AUTO_INCREMENT, AUTO_INCREMENT=4;

--
-- AUTO_INCREMENT for table `status`
--
ALTER TABLE `status`
  MODIFY `id` int(11) NOT NULL AUTO_INCREMENT, AUTO_INCREMENT=3;

--
-- AUTO_INCREMENT for table `user`
--
ALTER TABLE `user`
  MODIFY `id` int(11) NOT NULL AUTO_INCREMENT, AUTO_INCREMENT=65;
COMMIT;

/*!40101 SET CHARACTER_SET_CLIENT=@OLD_CHARACTER_SET_CLIENT */;
/*!40101 SET CHARACTER_SET_RESULTS=@OLD_CHARACTER_SET_RESULTS */;
/*!40101 SET COLLATION_CONNECTION=@OLD_COLLATION_CONNECTION */;
